Country Name,1960,1961,1962,1963,1964,1965,1966,1967,1968,1969,1970,1971,1972,1973,1974,1975,1976,1977,1978,1979,1980,1981,1982,1983,1984,1985,1986,1987,1988,1989,1990,1991,1992,1993,1994,1995,1996,1997,1998,1999,2000,2001,2002,2003,2004,2005,2006,2007,2008,2009,2010,2011,2012,2013,2014,2015,2016,2017,2018,2019,2020,2021,2022,2023,2024
Aruba,,,,,,,,,,,,,,,,,,,,,,,,,,,,,,,,,,,,,,,,,,,,,,,,,,,,,,,,,,,,,,,,,
Africa Eastern and Southern,,,,,,,,,,,,,,,,,,,,,,,,,,,,,,,166.0070575,170.9964472,170.2366346,162.2235842,162.4951502,156.2958209,153.489029,150.4231767,149.9102283,141.5897053,136.6703739,131.342469,125.4503526,119.9241031,115.2940473,109.932128,103.8891369,98.83599099,93.76925566,89.19691307,85.94151347,87.35790378,78.90542176,74.70711095,73.58608832,71.82443823,69.67220637,68.23902189,63.35769721,60.65807833,58.91165287,57.14050618,56.64490668,53.80625165,
Afghanistan,353.2,347.6,342.3,336.8,331.7,326.5,321.5,316.6,311.6,306.4,301.6,296.5,291.4,285.9,280.6,275.2,269.7,263.8,257.9,251.9,245.7,239.4,279.9,274.4,309.1,300.9,253.1,247.2,218.4,187.1,180.7,174.4,168.5,163,157.7,152.8,148.3,144.1,139.9,135.8,131.7,127.4,123.1,118.7,114.2,109.7,105.1,100.7,96.3,92.2,88.3,84.6,81.2,78,75.1,72.4,70,67.6,65.4,63.3,61.3,59.3,57.4,55.5,
Africa Western and Central,,,,,,,,,,,,,,,,,,,,,,,,,,,,,,,198.0279406,196.3426277,194.792107,193.1298345,191.1967114,188.8795515,186.140992,182.5928666,178.5204815,173.9511737,168.9867968,163.800184,158.3622603,152.8656861,147.4430865,142.1976195,137.3023817,132.7924909,128.6276471,129.5447551,121.7127491,118.5289574,115.8065729,113.599171,112.2157937,109.2241449,107.0363775,105.1571872,102.2609214,101.440052,97.02654761,95.10617396,95.41740927,88.72633518,
Angola,,,,,,,,,,,,,,,,,,,,,238.1,235.3,232.9,230,228,226.3,225,224,223.2,222.8,222.7,222.5,222.4,222,221.6,220.7,218.9,216.2,212.6,208.2,203,196.9,189.9,182.2,173.8,165,155.5,146,137,128.2,119.8,112.1,104.8,98.3,92.8,88.2,84.1,80.5,77.3,74.4,71.6,69,66.4,64,
Albania,,,,,,,,,,,,,,,,,,,96.2,88.4,81.2,74.9,69,63.7,59,54.8,51.1,47.9,45.1,42.8,40.8,39,37.6,36.2,34.9,33.6,32.4,31.1,29.8,28.4,27.1,25.7,24.3,22.9,21.4,20,18.5,17.1,15.8,14.5,13.3,12.2,11.2,10.5,9.9,9.6,9.4,9.3,9.3,9.4,9.4,9.5,9.4,9.4,
Andorra,,,,,,,,,,,,,,,,,,,,,,,,,,17.2,16.3,15.4,14.5,13.7,13.1,12.3,11.6,11,10.5,9.9,9.4,8.9,8.4,8,7.6,7.2,6.9,6.6,6.2,6,5.6,5.4,5.1,4.8,4.6,4.4,4.1,3.9,3.7,3.5,3.4,3.2,3.1,3,2.9,2.8,2.7,2.6,
Arab World,,,,,,,,,,,,,,,,,,,,,,,,,,,,,,,85.32483854,93.31710129,89.4208187,75.36568454,73.23385145,71.26728552,69.20497476,67.14356783,65.04316184,63.04608716,61.01801494,59.0888425,57.25440222,55.41070816,55.37324234,53.59342894,49.9992694,48.04311796,46.18164136,44.52809216,44.54787298,53.25879063,42.66742641,39.51276356,38.2799245,37.60679904,36.6614741,37.73853355,36.61480371,34.95507153,33.9629421,33.36272199,34.98808734,31.77919995,
United Arab Emirates,200.7,190.4,179.5,168.9,158.3,147.5,137,126.3,115.9,105.8,96.2,87.2,78.9,71.2,64.3,58,52.3,47,42.2,37.8,34,30.6,27.7,25.2,23.1,21.2,19.7,18.3,17.1,16.1,15.1,14.3,13.7,13.1,12.6,12.1,11.8,11.5,11.2,10.9,10.7,10.5,10.3,10.1,10,9.8,9.6,9.4,9.2,9,8.8,8.6,8.4,8.2,7.9,7.7,7.3,7,6.7,6.3,6,5.6,5.3,5,
Argentina,,,,,,,,,,72.5,71.7,70.8,69.7,68.2,66.1,63.3,59.8,55.6,51.2,46.8,42.8,39.4,36.5,34.1,32.1,30.6,29.6,29.1,29,28.9,28.8,28.4,27.6,26.6,25.4,24.2,23.1,21.9,20.9,20.1,19.4,18.8,18.3,17.8,17.3,16.7,16.2,15.8,15.4,14.9,14.4,13.9,13.3,12.7,12.2,11.7,11.4,11,10.7,10.5,10.3,10,9.8,9.6,
Armenia,,,,,,,,,,,,,,,,,86.7,83.2,79.8,76.7,73.6,70.6,67.8,65.2,62.6,60.1,57.8,55.5,99.3,51.1,49,46.9,44.9,42.9,40.9,39,37.2,35.5,33.9,32.3,30.8,29.3,27.9,26.5,25.2,24,22.8,21.7,20.6,19.7,18.7,17.8,17,16.2,15.4,14.6,14,13.3,12.7,12.1,11.6,11,10.5,10,
American Samoa,,,,,,,,,,,,,,,,,,,,,,,,,,,,,,,,,,,,,,,,,,,,,,,,,,,,,,,,,,,,,,,,,
Antigua and Barbuda,82.5,77.4,71.8,65.9,60,54.1,48.6,43.6,39.2,35.4,32.3,29.6,27.4,25.6,24,22.5,21.1,19.7,18.4,17.1,16,15,14.2,13.6,13.1,12.9,12.8,12.8,13,13.2,13.5,13.9,14.3,14.7,15.1,15.4,15.5,15.5,15.4,15.2,14.9,14.6,14.3,14,13.6,13.3,13,12.7,12.4,12.2,11.9,11.7,11.5,11.3,11.2,11,10.8,10.6,10.5,10.3,10.1,9.8,9.6,9.3,
Australia,24.9,24.3,23.7,23.2,22.7,22.4,22.1,22,21.9,21.8,21.5,21,20.3,19.4,18.4,17.3,16.2,15.2,14.4,13.6,13,12.6,12.2,11.9,11.6,11.3,11,10.6,10.2,9.7,9.2,8.7,8.2,7.7,7.3,7,6.8,6.6,6.4,6.3,6.2,6.1,6,5.9,5.8,5.7,5.6,5.4,5.2,5,4.8,4.5,4.3,4.1,4,3.9,3.8,3.8,3.8,3.8,3.8,3.7,3.7,3.7,
Austria,42.8,40.3,37.9,35.9,34.2,32.7,31.5,30.5,29.8,29.4,29.1,28.7,28,26.7,25.1,23.1,21.1,19.4,18.1,17.1,16.3,15.5,14.7,14,13.3,12.6,11.9,11.2,10.5,10,9.5,9,8.5,7.9,7.4,6.8,6.4,6,5.8,5.6,5.5,5.4,5.3,5.2,5.1,4.9,4.8,4.6,4.5,4.4,4.3,4.2,4,3.9,3.8,3.7,3.6,3.6,3.5,3.5,3.4,3.3,3.2,3.1,
Azerbaijan,,,,,,,,,,,,,,,,,,,,,,,109.3,106.7,104.1,101.8,99.6,97.7,96.2,95.2,94.8,95,95.2,95.2,94.7,93.4,91,87.8,83.7,79.1,74,69,64.1,59.6,55.5,51.8,48.5,45.5,42.7,40.1,37.7,35.4,33.2,31.2,29.5,27.8,26.3,24.9,23.6,22.4,21.3,20.4,19.4,18.6,
Burundi,,,,,241.5,243.5,245.4,247.3,249,250.3,251.1,251.4,318.7,251.9,251.8,251.2,249.6,246.2,240.9,233.4,224.3,214.1,203.3,192.8,183.6,176.5,171.8,169.2,168.4,168.9,169.8,171.1,172.1,195,172.2,171.2,169.5,166.7,163,158.6,153.7,148.5,143,137.3,131,124.1,116.8,109.7,102.8,96.6,90.8,85.3,80.2,75.5,71.3,67.6,64.4,61.5,59,56.7,54.6,52.6,50.8,49.2,
Belgium,33.9,32.5,31.2,30,28.9,27.9,27,26.2,25.5,24.8,23.9,23,21.9,20.8,19.7,18.6,17.6,16.7,15.9,15.2,14.5,13.9,13.3,12.7,12.2,11.8,11.4,11,10.7,10.3,10,9.6,9.2,8.7,8.2,7.7,7.2,6.7,6.4,6.1,5.9,5.7,5.5,5.3,5.2,5,4.9,4.8,4.7,4.6,4.5,4.4,4.3,4.2,4.2,4.1,4.1,4,4,3.9,3.9,3.8,3.7,3.6,
Benin,312,307.1,301.9,296.3,290.7,285.4,280,275.1,270.3,265.7,261.1,256.7,251.8,247,241.8,236.5,231.2,225.9,220.9,216.1,211.7,207.5,203.6,199.7,195.8,192,188.1,184.2,180.3,176.3,172.2,168,163.9,159.9,156.1,152.4,149,145.8,142.6,139.3,136.1,132.8,129.6,126.5,123.5,120.6,117.9,115.4,113,110.6,108.4,106.2,103.9,101.6,99.3,97.1,95,92.7,90.5,88,85.5,83.1,80.4,77.9,
Burkina Faso,344.6,340.7,337,333.7,330.5,327.8,325.1,322.4,320.3,317.7,314.9,311.7,307.1,300.9,292.9,283.6,273.2,263.2,254,246,239.1,233.2,228.1,223.4,218.8,214.3,209.8,205.7,202.3,199.8,198.3,197.6,197.3,196.9,195.9,194.3,191.8,188.7,185.4,181.8,178.1,174,169.3,164.3,158.6,152.3,145.7,139,132.7,126.8,121.5,116.8,112.6,108.6,104.7,101.1,97.7,94.3,91.2,88.2,85.3,82.5,79.9,77.3,
Bangladesh,261.7,255.1,248.8,242.9,237.7,233.4,230.1,227.9,226.8,226.5,270.7,366.7,227.7,227.6,226.8,225.2,222.8,219.4,215.3,210.6,205.8,200.7,195.5,189.9,184.1,178,171.6,165.1,158.6,152.2,146,139.8,133.7,127.4,121.2,115.1,109.1,103,97,91,85.4,80.1,75.3,70.9,66.9,63.2,59.8,56.7,53.9,51.3,48.9,46.7,44.7,42.7,40.7,38.8,36.9,35.2,33.7,32.4,31.5,31,30.7,30.6,
Bulgaria,54.7,48.9,44.3,40.8,38.6,37.5,37,36.4,35.4,34,32.5,31.1,30.1,29.5,29.1,28.6,28,27.2,26,24.9,23.8,23,22.2,21.5,20.7,19.7,18.7,18,17.8,17.9,18.3,18.9,19.2,19.2,19.1,19.2,19.4,19.3,18.9,18.2,17.5,16.8,16,15.1,14.2,13.3,12.4,11.8,11.4,11.2,10.8,10.4,9.9,9.3,8.7,8.2,7.7,7.3,7,6.7,6.5,6.3,6.2,6.1,
Bahrain,198,181.8,166.3,152.2,139,126.6,115.2,104.6,95,86,77.9,70.5,63.8,58,52.9,48.4,44.5,41.1,38.1,35.4,33,30.9,29.1,27.6,26.3,25.2,24.4,23.8,23.4,23.2,23.1,22.7,22.1,21,19.7,18.2,16.6,15.2,14.1,13.2,12.5,12,11.6,11.3,11,10.6,10.3,9.8,9.4,9,8.6,8.3,8.1,7.9,7.8,7.7,7.6,7.7,7.7,7.8,8,8.2,8.4,8.6,
"Bahamas, The",,,,,,,,,29.4,29.9,30.3,30.7,31,31.3,31.4,31.3,31,30.7,30.3,29.9,29.5,29.1,28.8,28.4,28.1,27.8,27.3,26.5,25.5,24.5,23.4,22.3,21.2,20.3,19.3,18.4,17.6,16.9,16.5,16.2,16.2,16.3,16.5,16.7,16.9,16.9,16.8,16.5,16.2,15.8,15.4,15,14.7,14.4,14.2,13.9,13.8,13.6,13.5,23.5,13.3,13.1,12.9,12.7,
Bosnia and Herzegovina,,,,,,,,,,,,,,,,,,,,,,,,,29.4,27,24.9,23,21.2,19.6,18.2,16.9,57.8,58.7,14,19.4,12.4,11.7,10.9,10.2,9.5,8.9,8.4,8,7.6,7.4,7.2,7.1,7,6.9,6.8,6.8,6.7,6.7,6.7,6.7,6.8,6.8,6.8,6.7,6.6,6.4,6.2,6,
Belarus,44.9,40.5,36.8,33.6,31,28.8,27,25.6,24.5,23.7,23,22.5,22.2,22,21.9,21.8,21.8,21.6,21.4,21.1,20.6,20,19.4,18.8,18.2,17.6,17,16.4,15.9,15.5,15.2,15.2,15.3,15.5,15.7,15.7,15.5,15.1,14.5,13.7,12.8,11.8,11,10.2,9.4,8.7,8,7.3,6.6,6.1,5.6,5.2,4.9,4.6,4.3,4.1,3.9,3.6,3.4,3.1,2.9,2.7,2.6,2.4,
Belize,,,,,,,,112.8,107.9,103.3,98.9,94.8,90.8,86.9,83.3,80,76.7,73.8,70.9,68.1,65.5,63,60.4,57.8,55.2,52.5,49.8,47.1,44.4,41.8,39.3,36.9,34.8,33,31.3,29.9,28.6,27.4,26.4,25.4,24.5,23.6,22.8,22.1,21.5,21,20.6,20.1,19.7,19.3,18.8,18.3,17.7,17,16.3,15.6,15,14.4,13.9,13.5,13.2,13,12.8,12.7,
Bermuda,,,,,,,,,,,,,,,,,,,,,,,,,,,,,,,,,,,,,,,,,,,,,,,,,,,,,,,,,,,,,,,,,
Bolivia,290.4,284.3,278.1,272.1,266.1,260,254,248,241.8,235.5,229.4,223,216.7,210.4,203.9,197.5,191.2,185.1,179.4,174.1,169.1,164.5,159.9,155.5,151,146.3,141.5,136.5,131.5,126.6,121.7,117,112.2,107.6,103,98.4,93.8,89.3,84.7,80.2,75.7,71.4,67.4,63.5,59.9,56.4,53.1,50,47.2,44.5,42,39.7,37.5,35.4,33.5,31.8,30.3,29,27.8,26.7,25.7,24.8,23.9,23.1,
Brazil,169.4,164.7,160.3,156.1,152.2,148.6,145.2,141.9,138.8,135.5,132.2,128.9,125.5,122.1,118.9,115.6,112.1,108.3,104.3,100.1,95.7,91.4,87.3,83.4,79.8,76.7,73.8,71.1,68.4,65.8,63.1,60.2,57.2,54.1,50.9,47.7,44.7,41.9,39.3,36.8,34.5,32.2,30.1,28.1,26.3,24.6,23.1,21.7,20.5,19.5,18.6,17.9,17.2,16.7,16.3,16,16.8,15.4,15.2,15,14.9,14.7,14.6,14.4,
Barbados,84.7,78.6,73.3,68.6,64.5,61,57.9,55.2,52.8,50.3,47.9,45.5,43.2,40.8,38.6,36.4,34.3,32.3,30.4,28.6,26.9,25.5,24.4,23.4,22.6,21.9,21.2,20.5,19.7,18.9,18.1,17.3,16.6,15.9,15.3,14.9,14.5,14.3,14.2,14.2,14.4,14.5,14.7,14.8,14.9,14.8,14.7,14.5,14.3,14.1,13.9,13.7,13.5,13.3,13.1,12.8,12.5,12.1,11.8,11.4,11.1,10.7,10.4,10,
Brunei Darussalam,89,82.4,76.6,71.5,67,63.2,59.8,56.9,54.2,51.6,49.1,46.4,43.5,40.6,37.7,34.9,32.1,29.5,27.1,24.8,22.8,20.9,19.3,17.9,16.7,15.7,14.8,14.2,13.8,13.5,13.3,13.2,13.1,13,12.7,12.3,11.9,11.5,11,10.7,10.3,10,9.8,9.6,9.5,9.5,9.5,9.5,9.6,9.6,9.7,9.8,9.9,9.9,10,10,10,10,9.9,9.8,9.7,9.6,9.5,9.4,
Bhutan,,,,,,,,,273.9,267.4,261.6,255.2,248.9,242.5,236,229.3,222.6,215.8,208.7,201.9,194.7,187.4,180.4,173.3,166.2,159.3,152.7,146.3,140,133.9,128.2,122.8,117.6,112.5,107.5,102.5,97.5,92.6,87.7,83,78.5,74,69.6,65.4,61.2,57.1,53.2,49.6,46.2,43.1,40.3,37.7,35.6,33.8,32.2,30.8,29.6,28.5,27.4,26.5,25.5,24.7,23.9,23.1,
Botswana,167.7,162.6,157.9,153.4,148.9,144.6,140.4,136.3,132.3,128.1,123.7,118.9,114,109.1,104.1,98.8,93.2,87.7,82.3,77.4,72.9,68.6,64.7,61.2,58,55,52.2,50,48.8,48.7,50.1,52.9,57,62,67.2,67.4,71,73.7,75.7,79.1,81.1,81.2,80,78.5,76.3,70.3,64.3,61.6,60.3,57.8,55.8,56.8,53.4,51,51.1,49.8,49,46.5,45.9,45,43.9,42,40.7,39.6,
Central African Republic,283.1,277.6,272.1,266.5,260.7,254.9,249,243.2,237.4,231.5,226.3,221.4,216.7,212.2,208,204,200.4,196.9,193.7,190.6,188,185.7,183.7,182.1,180.8,179.8,179.1,178.5,178.1,177.8,177.5,177.1,176.6,176,175.3,174.5,173.3,172,170.2,168,165.5,162.8,159.4,156,152.2,148.4,143.8,139.5,135.6,478.9,149.2,125.4,122.3,133.6,182.6,114.1,126.1,152.4,119.8,243.1,122.6,171.3,387.4,92.2,
Canada,32.6,31.5,30.5,29.4,28.2,27.1,26,25,24,23,21.9,20.9,19.9,18.9,17.9,17,16,15.1,14.2,13.3,12.5,11.8,11.2,10.6,10.1,9.8,9.4,9.1,8.8,8.5,8.2,8,7.7,7.4,7.2,6.9,6.7,6.5,6.4,6.3,6.2,6.2,6.2,6.2,6.1,6.1,6,6,5.9,5.8,5.7,5.6,5.6,5.5,5.4,5.4,5.3,5.2,5.2,5.1,5.1,5.1,5.1,5.1,
Central Europe and the Baltics,,,,,,,,,,,,,,,,,,,,,,,,,,,,,,,19.42937711,18.70749835,18.15660654,17.59198808,17.05570032,16.37752278,15.61643717,14.7968781,13.95698067,13.13361598,12.36049614,11.71387201,11.28551049,10.99996077,10.56269992,10.02625331,9.35171271,8.691774183,8.229430702,7.778435806,7.324744273,6.95384741,6.623999989,6.296353886,6.035574517,5.804880752,5.539648685,5.278146795,5.04990898,4.832205565,4.754408266,4.698747006,4.733284136,4.7179813,
Switzerland,26.5,26,25.3,24.5,23.6,22.6,21.6,20.7,19.9,19.2,18.4,17.6,16.7,15.7,14.8,13.8,12.9,12.1,11.4,10.9,10.4,10,9.7,9.4,9.2,9,8.9,8.8,8.6,8.4,8.2,7.8,7.5,7.1,6.7,6.4,6.2,6,5.8,5.7,5.6,5.5,5.4,5.3,5.2,5.1,4.9,4.8,4.7,4.6,4.6,4.5,4.4,4.4,4.3,4.3,4.2,4.1,4.1,4,4,4,4,3.9,
Channel Islands,,,,,,,,,,,,,,,,,,,,,,,,,,,,,,,,,,,,,,,,,,,,,,,,,,,,,,,,,,,,,,,,,
Chile,153.2,148.6,142.8,136.1,127.2,115.6,103.5,93.6,86.9,82.6,80.1,78.6,77.3,75.4,71.4,64.6,56.3,48.5,42,36.9,32.9,29.8,27.1,24.7,23,22.3,22.2,22,21.4,20.3,19.1,17.6,16.3,15,13.9,13.1,12.6,12.2,11.9,11.5,10.9,10.3,9.8,9.5,9.3,9.1,9,8.9,8.9,8.8,8.7,8.6,8.4,8.2,8.1,7.9,7.7,7.5,7.2,7,6.8,6.7,6.8,7.2,
China,,,,,,,,,,119.1,113.1,107.3,101.7,96.1,90.5,85,79.7,74.7,70.1,66.2,62.8,60,57.8,56.1,55,54.3,54,54,54,53.9,53.7,53.1,52.2,50.8,49.3,47.5,45.6,43.6,41.4,39.1,36.7,34.2,31.5,28.9,26.4,24,21.9,20.1,18.5,17.1,15.8,14.6,13.5,12.5,11.5,10.7,9.9,9.2,8.6,8,7.5,7,6.6,6.2,
Cote d'Ivoire,321,313,305.1,297.1,289.3,281.9,274.3,266.9,259.5,252.3,244.9,237.3,229.2,220.8,212,203.2,194.8,187,179.9,173.7,168.7,164.2,160.6,157.6,155.4,153.8,152.8,152.3,152.1,152.5,153,153.6,153.8,153.6,153,152,150.7,148.8,146.4,143.6,140.5,137.1,133.4,129.6,125.7,121.6,117.8,113.9,109.5,105.8,102.2,99.1,96,92.7,89.2,86.1,83.6,81.1,78.5,75.9,73.7,71.4,69.2,67.1,
Cameroon,280.3,274.1,268.9,264.3,259.5,253.8,247.2,239.5,230.7,221.8,213.3,205.9,200,195.9,193.2,191.5,190.2,188.6,186.5,183.2,179.1,173.9,167.9,161.5,155.2,149.2,144.2,140.2,137.5,136.3,136.6,138.2,140.4,142.7,145,146.9,148.1,148.5,148,146.7,144.4,141.4,138.1,134.7,131.3,128.1,124.6,121.3,117.7,114.3,110,105.9,101.6,97.3,93.1,89,85.6,82.5,79.7,77.2,74.6,72.1,69.5,67.2,
"Congo, Dem. Rep.",,,,,,,,,,250.5,246.8,243.3,240.1,236.9,233.5,229.7,226.1,222.6,219,215.4,212,208.6,205.5,202.5,199.8,197.2,194.8,192.4,190.1,187.7,185.3,183.1,181,178.8,176.9,174.8,172.5,169.9,166.8,163.2,159.2,154.8,150.2,145.5,140.7,135.9,131.1,126.5,121.9,117.5,113.5,109.6,106,102.5,99,95.6,92.3,89.3,86.3,83.5,80.7,78.1,75.7,73.2,
"Congo, Rep.",193.7,186.4,179.5,173.1,166.9,161.1,155.7,150.6,146,141.5,137.3,133.5,129.8,126.4,123.5,120.6,117.8,115,112.4,109.7,107.2,104.7,102.1,99.5,96.8,94.4,92.5,91.1,90.4,90.5,91.5,93.1,95.4,98.4,101.6,105.2,108.7,111.9,114.2,114.9,113.7,110.7,106,100.1,93.5,86.6,80.2,74.3,69.5,65.5,62.5,60.2,58.2,56.4,54.5,52.7,50.9,49.3,47.7,52.4,44.7,43.3,41.9,40.5,
Colombia,134.3,129.9,125.8,121.9,118.2,114.6,111.2,107.7,104.3,100.8,97.2,93.6,89.9,86,82,78,73.9,69.8,65.8,62,58.4,55,51.7,48.8,46.2,48.9,41.7,39.9,38.4,37,35.7,34.5,33.3,32.1,31,29.9,28.8,27.8,26.8,25.9,25.1,24.3,23.5,22.8,22.2,21.5,20.9,20.2,19.6,18.9,18.3,17.7,17.2,16.6,16.1,15.6,15.1,14.6,14.1,13.7,13.2,12.8,12.4,12,
Comoros,,,,,,,,,,,231.6,225.4,219.5,213.8,208.3,202.6,196.9,191.2,185.5,179.7,173.9,168,162.2,156.5,150.9,145.5,140.4,135.3,130.4,125.7,120.9,116.1,111.3,106.6,102.1,97.8,93.7,90,86.3,82.8,79.6,76.5,73.6,70.7,68,65.5,63.1,60.8,58.8,56.9,55.1,53.6,52.1,50.8,49.7,48.7,47.6,46.6,45.6,44.6,43.5,42.4,41.1,39.8,
Cabo Verde,172.3,169.2,165.6,162.3,158.5,154.3,149.7,144.9,139.5,133.8,127.5,121.1,114.5,108,101.8,96,90.9,86.5,82.7,80,78.2,77.2,76.5,75.9,74.6,72.5,69.5,65.9,62.1,58.8,56.4,55,54.6,54.6,54.5,53.7,51.7,48.4,44.4,40,36,32.8,30.5,29,28.2,28,28,28,27.9,27.5,26.7,25.6,24.2,22.6,20.9,19.1,17.6,16.2,15.1,14.1,13.3,12.7,12.1,11.6,
Costa Rica,96.2,93.6,92.7,92.5,91.8,90.2,87.8,84.9,81.7,78.5,74.8,70.2,64.5,58.2,51.7,45.4,39.3,33.9,29.6,26.5,24.5,23.3,22.9,22.7,22.5,22,21.2,20.1,18.9,17.8,16.9,16.2,15.7,15.3,15.1,14.9,14.7,14.5,14.1,13.6,13.1,12.6,12.2,11.8,11.5,11.3,11.2,11.1,10.9,10.7,10.5,10.2,9.8,9.5,9.2,9,8.9,8.9,8.9,9.1,9.4,9.7,10.1,10.5,
Caribbean small states,,,,,,,,,,,,,,,,,,,,,,,,,,,,,,,38.70547291,37.68574215,36.60496639,35.76023857,34.94990882,34.15561698,33.39784245,32.62313076,31.98070951,31.09867433,30.29851577,29.5091743,28.83149091,28.13975416,27.56749324,27.02619054,26.57339447,26.06576679,25.60928572,25.13585551,24.75309733,24.31767717,23.86570014,23.43349274,22.94176711,22.44548308,21.96390916,21.42024781,20.90957006,21.22621803,20.03557714,19.5769587,19.01915084,18.43139584,
Cuba,44.1,44.4,44.5,44.5,44.3,43.8,43.1,42.2,41.1,39.7,38.2,36.5,34.7,32.9,31.1,29.4,27.7,26.2,24.7,23.4,22.2,21.1,20,19,18.1,17.3,16.4,15.6,14.9,14.1,13.4,12.8,12.2,11.6,11.1,10.6,10.1,9.7,9.3,8.9,8.6,8.2,7.9,7.6,7.3,7.1,6.9,6.6,6.5,6.3,6.2,6.1,6,6,6,6.1,6.2,6.4,6.6,6.9,7.2,7.6,7.9,8.3,
Curacao,,,,,,,,,,,,,,,,,,,,,,,,,,,,,,,,,,,,,,,,,,,,,,,,,,,,,,,,,,,,,,,,,
Cayman Islands,,,,,,,,,,,,,,,,,,,,,,,,,,,,,,,,,,,,,,,,,,,,,,,,,,,,,,,,,,,,,,,,,
Cyprus,,,,,,,,,,,,38.1,37.2,36.3,35.3,33.7,31.6,29.1,26.5,23.9,21.6,19.6,17.8,16.1,14.5,13.3,12.3,11.6,11.3,11.2,11.1,10.9,10.6,10.2,9.7,9.1,8.6,8.1,7.6,7.1,6.6,6.2,5.8,5.4,5,4.6,4.2,3.9,3.7,3.5,3.3,3.2,3,3,2.9,2.9,2.9,3,3,3.1,3.2,3.4,3.5,3.5,
Czechia,24.8,24.4,24.2,24.3,24.4,24.6,24.7,24.8,24.7,24.6,24.3,23.9,23.4,22.9,22.3,21.6,20.8,19.9,18.9,17.8,16.8,15.9,15.2,14.7,14.4,14.1,13.8,13.5,13,12.5,12.1,11.7,11.1,10.3,9.4,8.5,7.7,7,6.3,5.8,5.5,5.2,5,4.8,4.6,4.4,4.1,3.9,3.7,3.5,3.4,3.3,3.2,3.1,3.1,3.2,3.2,3.2,3.1,3,2.9,2.8,2.7,2.6,
Germany,,,,,,,,,27.1,26.4,25.7,24.9,24,23.1,22,20.8,19.5,18.3,17.1,16,15,14.1,13.2,12.5,11.8,11.1,10.6,10.1,9.5,9,8.5,8,7.6,7.2,6.8,6.5,6.2,5.9,5.7,5.5,5.4,5.2,5.1,5,4.8,4.7,4.6,4.5,4.4,4.3,4.2,4.1,4,4,4,3.9,3.9,3.8,3.8,3.7,3.7,3.7,3.7,3.7,
Djibouti,,,,,,,,,,,,,,,,,171,166.3,161.7,157,152.6,148.4,143.8,139.7,135.6,131.8,128.1,124.7,121.6,118.8,116.3,114,112.2,110.6,109.3,107.9,106.6,105.1,103.4,101.5,99.5,97.2,94.8,92.4,90,87.7,85.3,82.8,80.3,78.1,75.9,73.6,71.4,69.3,67.2,65.1,63.3,61.3,59.4,57.5,55.6,53.8,52.2,50.4,
Dominica,136.4,124.3,113.2,103.2,94.1,85.9,78.4,71.6,65.4,59.8,54.8,50.2,46.1,42.4,39.1,36.1,33.5,31.2,29.2,27.4,25.8,24.5,23.3,22.2,21.4,20.6,20,19.5,19.1,18.8,18.5,18.4,18.2,18.2,18.2,18.3,18.4,18.6,18.8,19.1,19.4,19.7,20.1,20.6,21.1,21.6,22.2,22.8,23.5,24.2,25,25.7,26.6,27.4,28.3,29.3,30.2,31.2,32.1,33,33.8,34.5,35.1,35.5,
Denmark,25,24.5,23.8,23,22.1,21.1,20.1,19,18.1,17.3,16.6,15.8,14.9,13.9,13.1,12.3,11.7,11.1,10.6,10.3,10,9.8,9.6,9.6,9.6,9.7,9.7,9.7,9.6,9.3,8.9,8.4,7.9,7.4,6.9,6.5,6.3,6,5.9,5.7,5.6,5.5,5.4,5.2,5,4.8,4.6,4.5,4.3,4.2,4.1,4.1,4.1,4.1,4.1,4.1,4,4,3.9,3.8,3.7,3.6,3.5,3.4,
Dominican Republic,147.5,146.4,144.8,142.9,140.6,138,135.3,132.5,129.6,126.7,123.6,120.3,116.6,112.7,108.8,104.7,100.9,97.1,93.5,90.1,86.8,83.6,80.5,77.6,74.8,72.1,69.4,66.9,64.4,61.9,59.5,57,54.6,52.2,50,47.8,45.8,44,42.4,41,39.8,38.8,38,37.3,36.7,36.2,35.9,35.6,35.4,35.2,35.1,35,34.9,35,35,35,35,35,34.7,34.3,33.8,33.1,32.2,31.4,
Algeria,239.6,239.9,240.9,242,243.2,244.7,245.8,246.2,245.7,244.1,241.1,236.7,231,224.4,216.8,208.5,199.5,190.2,180.2,168.9,155.6,140.3,123.1,105.2,89.1,76.1,66.3,59.6,55.5,53,51.7,50.9,50.4,49.8,49,48.1,47,45.8,44.5,43.1,41.6,40.1,38.5,37,35.4,34,32.6,31.3,30.1,29,28.1,27.3,26.6,26,25.4,24.9,24.5,24,23.7,23.3,22.9,22.6,22.3,22,
East Asia & Pacific (excluding high income),,,,,,,,,,,,,,,,,,,,,,,,,,,,,,,59.1479764,58.57989637,57.19697347,55.5148971,53.76765285,52.80102693,50.89385072,48.89492041,46.84887026,44.70128599,42.17002419,40.10706091,37.76836997,34.69410197,33.4772071,30.47705954,28.62141615,26.96723568,26.36921334,23.95453213,22.7548891,21.62731014,20.25008095,19.41016986,18.31904848,17.76459248,16.76417464,15.98385726,16.00829668,15.54414457,15.81888375,15.71742939,15.60908301,15.32154912,
Early-demographic dividend,,,,,,,,,,,,,,,,,,,,,,,,,,,,,,,109.916667,106.6537359,103.7696079,100.7945743,98.88490681,94.86709005,91.87336644,88.90849455,85.89138458,82.64979697,79.50987513,76.39916031,73.2580346,70.32472195,67.80051328,64.51676421,61.72655354,59.02124568,56.83500262,53.89127265,51.63834794,48.99014975,46.8076017,44.66870991,42.59450603,40.77128238,39.06645059,37.49142486,36.09982133,34.79346891,33.55415961,32.35307515,31.29331966,30.34311653,
East Asia & Pacific,,,,,,,,,,,,,,,,,,,,,,,,,,,,,,,56.6,55.4,54.1,52.5,50.7,49.8,47.9,46,44.1,42.1,39.8,37.7,35.6,32.7,31.6,28.9,27.1,25.6,25.1,22.7,21.6,20.6,19.3,18.5,17.5,16.9,16.1,15.3,15.2,14.8,14.9,14.9,14.7,14.5,
Europe & Central Asia (excluding high income),,,,,,,,,,,,,,,,,,,,,,,,,,,,,,,59.6908035,58.59326186,58.24486565,57.46071835,55.81767657,54.46013484,52.05692278,50.03015567,47.52762975,45.00318203,42.23471661,39.68776085,37.18694393,34.70596593,32.66902806,30.51830218,28.49408114,26.67047627,24.9232546,23.28883841,21.92398899,20.6135916,19.35989175,18.37958213,17.41887647,16.66119885,15.90165369,15.36460713,14.96242297,14.61407694,14.25520998,13.92705144,13.74175566,14.40865849,
Europe & Central Asia,,,,,,,,,,,,,,,,,,,,,,,,,,,,,,,30.9,30.3,30,29.6,28.7,27.9,26.5,25.2,24,22.6,21.1,19.8,18.7,17.5,16.6,15.6,14.7,13.9,13.1,12.4,11.7,11.2,10.8,10.4,10,9.5,9.1,8.8,8.5,8.3,8.1,7.9,7.8,8,
Ecuador,176.3,171,165.8,160.9,156.5,152.6,149.1,145.9,142.9,140.1,137.1,133.7,129.8,125.1,120.2,115,109.7,104.8,100.1,95.7,91.2,86.8,82.3,77.8,73.5,69.5,65.8,62.5,59.4,56.6,53.9,51.2,48.6,46,43.4,40.8,38.2,35.7,33.4,31.4,29.6,28.1,26.8,25.7,24.6,23.7,22.8,21.9,21,20,19.2,18.3,17.4,16.6,15.9,15.3,14.8,14.4,14.1,13.8,13.6,13.4,13.2,13.1,
"Egypt, Arab Rep.",319.5,309.2,299,289,279.8,271.5,264.5,258.8,254.2,250.4,246.9,243.2,238.8,233.1,225.8,217.3,207.8,197.9,187.9,178.1,168.4,158.7,149,139,128.8,118.9,110,102.2,95.7,90.3,85.7,81.4,77.3,73.1,68.8,64.5,60.4,56.5,52.9,49.6,46.6,43.9,41.5,39.4,37.5,35.7,34.1,32.7,31.2,29.9,28.6,27.4,26.2,25.2,24.1,23.3,22.4,21.6,20.8,20.1,19.4,18.7,18.1,17.5,
Euro area,,,,,,,,,,,,,,,,,,,,,,,,,,,,,,,9.630208999,9.250767304,8.788174347,8.295786318,7.794922119,7.327037858,6.903476635,6.544357108,6.284345745,6.039940585,5.837121694,5.60238419,5.422411539,5.220559452,5.026323676,4.847306451,4.678117972,4.546585147,4.430294851,4.324048426,4.187299505,4.108377103,4.007314622,3.959216413,3.919151899,3.878183037,3.855376729,3.787900205,3.763032228,3.713229035,3.692141566,3.681324761,3.65116432,3.636249734,
Eritrea,,,,,,,,,,,,,,,256,250.2,208.2,204,200.2,197.1,194.2,191.4,188.4,277.8,272.3,261.9,256.1,170.7,165.6,159.9,153.6,146.5,138.8,130.7,122.6,114.8,107.5,100.9,95.1,108.6,85.3,81.1,77.3,73.8,70.5,67.5,64.6,61.9,59.4,57.1,55,53.1,51.2,49.4,47.8,46.1,44.6,43.2,41.7,40.3,39.1,37.9,36.6,35.4,
Spain,54.7,52,49.4,46.8,44.5,42.3,40.3,38.3,36.1,33.9,31.6,29.4,27.2,25.2,23.3,21.7,20.2,18.7,17.4,16.1,14.9,13.8,13,12.3,11.7,11.1,10.7,10.3,9.9,9.5,9.2,8.8,8.3,7.9,7.4,6.9,6.5,6.1,5.8,5.6,5.4,5.3,5.1,5,4.9,4.7,4.5,4.4,4.2,4,3.8,3.7,3.6,3.5,3.4,3.3,3.3,3.2,3.2,3.2,3.2,3.1,3.1,3.1,
Estonia,,,,,,,,,,,,,,,,,,,,,22.4,21.6,20.9,20.2,19.6,19.1,18.6,18.3,18.1,17.9,17.7,17.5,17.3,16.9,16.4,15.7,14.8,13.9,12.9,12,11,10.1,9.3,8.5,7.8,7.1,6.5,5.9,5.4,5,4.6,4.2,3.9,3.6,3.4,3.2,3,2.8,2.7,2.5,2.4,2.3,2.2,2.1,
Ethiopia,,,,,,,277.6,248.9,248.4,247.9,247.4,247.1,246.6,246.3,283.1,281.8,245.1,244.6,243.7,242.4,240.4,237.9,234.6,320,314.3,303.2,296.8,214.5,210.4,206.2,201.7,196.7,191.3,185.4,179,172.4,165.8,159.2,152.9,146.7,140.4,134.1,127.7,121.4,115,108.8,102.9,97.4,92.3,87.6,83.2,79.1,75.3,71.6,68.2,64.9,61.7,58.9,56.4,54.1,52,50,48.2,46.5,
European Union,,,,,,,,,,,,,,,,,,,,,,,,,,,,,,,12.15571837,11.59858829,11.02916578,10.49195924,9.957712543,9.347524883,8.811552396,8.311918128,7.898864466,7.513869088,7.17578189,6.843114156,6.602786097,6.376825534,6.146292812,5.91966385,5.645581312,5.415265196,5.243469953,5.072730711,4.853933282,4.692394208,4.545919708,4.433120652,4.351913096,4.274035857,4.196908966,4.099157915,4.020407345,3.928166383,3.890090215,3.85751417,3.842016177,3.832085285,
Fragile and conflict affected situations,,,,,,,,,,,,,,,,,,,,,,,,,,,,,,,166.241571,169.0150131,167.5742027,161.4514134,157.7738616,156.3628209,153.6600025,150.34033,149.0674317,142.6225798,138.5149475,134.3343164,129.7184885,125.4037271,121.717242,117.5794045,112.7521649,108.8211326,106.2071229,104.1610797,99.93636373,100.0972681,94.18775903,91.25163654,90.78032251,88.95641187,87.21886835,85.96875695,81.60990607,79.5477378,76.33155068,74.67069269,75.12530242,70.2148506,
Finland,26.8,25.3,23.8,22.5,21.3,20.2,19.2,18.4,17.6,16.8,16.1,15.4,14.6,13.9,13.1,12.3,11.4,10.6,9.9,9.2,8.7,8.2,7.9,7.6,7.5,7.3,7.3,7.2,7.1,6.9,6.7,6.4,6.1,5.8,5.5,5.2,4.9,4.7,4.6,4.4,4.3,4.2,4.1,4,3.9,3.7,3.6,3.5,3.3,3.2,3,2.9,2.8,2.6,2.6,2.5,2.4,2.4,2.4,2.3,2.3,2.3,2.3,2.3,
Fiji,78.9,75.3,72.1,69,66.1,63.5,61.4,59.7,58.4,57.5,56.9,56.6,56.3,55.9,55.2,54.1,52.7,51,49,46.8,44.6,42.4,40.3,38.4,36.7,35.1,33.7,32.4,31.2,30,28.9,27.8,26.8,26,25.2,24.5,23.9,23.5,23.1,22.8,22.7,22.6,22.7,22.8,23.1,23.3,23.5,23.5,23.2,22.8,22.2,21.6,21,20.7,20.6,20.9,21.6,22.7,24.1,25.7,27.2,28.3,28.9,29.1,
France,28.5,27,25.7,24.5,23.4,22.4,21.4,20.6,19.9,19.1,18.2,17.4,16.6,16,15.4,14.9,14.4,13.9,13.4,12.8,12.4,11.9,11.5,11.1,10.7,10.4,10.1,9.8,9.6,9.3,9,8.6,8.1,7.5,7,6.5,6.1,5.8,5.7,5.5,5.4,5.2,5.1,4.9,4.8,4.6,4.5,4.4,4.4,4.3,4.2,4.2,4.1,4.1,4.1,4.2,4.2,4.2,4.2,4.2,4.2,4.3,4.3,4.3,
Faroe Islands,,,,,,,,,,,,,,,,,,,,,,,,,,,,,,,,,,,,,,,,,,,,,,,,,,,,,,,,,,,,,,,,,
"Micronesia, Fed. Sts.",125.5,120.2,115.5,110.8,106.2,101.9,97.7,93.6,89.9,86.2,82.7,79.6,76.7,74,71.4,69.2,67.2,65.3,63.6,62.1,60.9,60,59.1,58.4,57.6,56.6,55.2,53.8,52.2,50.7,49.3,48.1,47.1,46.2,45.2,44.3,43.3,42.1,40.9,39.7,38.6,37.7,41.6,36.5,36.1,35.9,35.9,35.8,35.4,34.9,34.2,33.5,32.5,31.6,30.7,29.8,28.8,27.9,27.1,26.3,25.5,24.7,23.9,23.1,
Gabon,218.7,211.6,204.9,198.3,191.8,185.5,179.4,173.5,167.8,162.4,156.9,151.6,146.5,141.8,137.1,132.5,128.1,123.8,119.6,115.6,111.7,108,104.5,101.2,98.1,95.2,92.6,90.3,88.2,86.4,84.9,83.5,82.4,81.4,80.6,79.8,78.9,77.9,76.7,75.3,73.7,71.9,70.1,68.1,66,63.9,62.1,59.9,57.7,55.7,53.5,51.4,49.4,47.3,45.7,44.2,42.4,41,39.6,38,36.2,35.2,34.1,33.2,
United Kingdom,26.6,26.1,25.6,24.9,24.2,23.4,22.8,22.2,21.8,21.4,21,20.6,20,19.4,18.7,18,17.2,16.4,15.7,14.9,14.1,13.4,12.7,12.2,11.7,11.4,11.1,10.8,10.4,9.9,9.3,8.7,8.2,7.7,7.4,7.2,7,6.9,6.8,6.7,6.5,6.4,6.3,6.3,6.1,6,5.9,5.8,5.6,5.4,5.2,5,4.8,4.6,4.5,4.5,4.4,4.4,4.4,4.4,4.4,4.4,4.5,4.5,
Georgia,,,,,,,,,,,,,,,,71.2,68.6,66.1,63.6,61.3,59,56.9,54.9,53.1,51.6,50.4,49.4,48.7,48.2,47.8,47.5,47.2,46.8,46.3,45.6,44.7,43.6,42.2,40.5,38.5,36.3,33.9,31.3,28.7,26,23.5,21.2,19,17.2,15.5,14.1,13,12.1,11.4,10.9,10.5,10.2,10,9.8,9.7,9.6,9.5,9.3,9.2,
Ghana,209.2,207,205.3,203.9,203.1,202.7,202.6,202.7,202.9,202.7,202.3,201.1,199,195.9,191.8,186.7,181.5,176.5,172.3,169.1,167,165.5,163.9,161.9,159,155.1,150,144.3,138.3,132.6,127.5,123.3,120.1,117.7,116,114.5,112.9,110.6,107.7,104.1,100.2,96.1,92.1,88.5,85.2,82.2,79.3,76.3,73.1,69.9,66.5,63.3,60.2,57.4,54.8,52.5,50.2,48.1,46,43.9,42,40.2,38.5,37.1,
Gibraltar,,,,,,,,,,,,,,,,,,,,,,,,,,,,,,,,,,,,,,,,,,,,,,,,,,,,,,,,,,,,,,,,,
Guinea,349.5,347.2,344.3,341.8,339.3,336.4,333.6,330.9,327.8,324.8,322,319.1,315.9,312.7,309.2,305.5,301.2,296.6,291.8,286.7,281.5,276.5,271.8,267.1,262.3,257.6,252.9,248.4,243.7,238.6,233.1,227.1,220.7,213.9,207,200,193,186.1,179.2,172.3,165.4,158.6,152.2,146.4,141.2,136.6,132.7,129.4,126.6,124.1,122,120.1,118.4,116.7,115.6,114.1,111.7,109.9,108,105.7,103.2,100.5,97.8,95,
"Gambia, The",361.7,354.8,347.6,341,334.5,327.8,321.3,314.8,308.5,302,295.4,288.7,281.9,275.2,268.5,261.8,255.1,248.6,242.2,235.8,229.5,223,216.5,210.1,203.6,197,190.5,184.1,177.8,171.9,166.1,160.4,154.8,149.3,143.8,138.5,133.1,127.9,122.8,117.9,113.1,108.5,103.9,99.5,95.2,91.1,87.1,83.3,79.8,76.4,73.1,70.1,67.3,64.5,61.8,59.3,57,54.7,52.7,50.7,48.9,47.2,45.6,44.1,
Guinea-Bissau,,,,,,,,,,,,,,,,,,,,,,,,,,244.1,239.5,234.9,230.7,226.6,222.3,217.9,213.4,208.6,204.1,199.3,194.3,189.2,184.2,179,173.8,168.4,162.8,157,151.1,144.9,138.6,132.2,126.1,120,114.2,108.7,103.7,99.3,95.3,91.8,88.4,85.3,82.1,79.1,76.6,74.1,71.6,69.3,
Equatorial Guinea,,,,,,,,,,,,,,,,,,,,,,,200.9,196.9,192.7,189.1,186,183.6,181.6,180.1,178.7,177.2,175.9,174.5,173.1,171.4,169.3,166.9,163.8,160.1,155.9,151.5,147,142.5,137.8,133.2,128.6,124,119.4,115.2,111.1,107.1,103.4,99.9,96.6,93.3,89.9,87,84.2,81.7,78.8,76.1,73.4,70.6,
Greece,46.2,45.1,43.9,42.5,41,39.7,38.6,37.3,35.4,33.3,31.3,29.6,28.4,27.6,27,26.2,25.1,23.8,22.4,20.9,19.6,18.3,17.1,16.2,15.4,14.6,13.7,12.7,11.9,11.1,10.5,9.9,9.5,9.1,8.8,8.5,8.1,7.7,7.3,6.9,6.4,6,5.6,5.2,4.9,4.6,4.3,4.1,4,4,3.9,4,4,4.1,4.2,4.3,4.3,4.3,4.2,4.1,4,3.9,3.8,3.7,
Grenada,95,88.3,81.5,75,69.1,63.9,59.5,55.9,53,50.6,48.7,47.1,45.8,44.7,43.6,42.5,41.5,40.3,39,37.7,36.2,34.6,33,31.5,29.9,28.5,27.1,25.8,24.6,23.5,22.4,21.3,20.4,19.5,18.7,17.9,17.3,16.7,16.2,15.8,15.5,15.2,15,14.9,14.9,14.8,14.9,15,15.1,15.4,15.7,16,16.4,16.8,17.2,17.5,17.9,18.1,18.3,18.5,18.7,18.7,18.5,18.3,
Greenland,,,,,,,,,,,,,,,,,,,,,,,,,,,,,,,,,,,,,,,,,,,,,,,,,,,,,,,,,,,,,,,,,
Guatemala,221.5,216.3,211.1,206.1,201.1,196.3,191.2,186.3,181.3,176.3,171.2,166,160.9,155.9,150.8,145.9,165.1,136.3,131.6,126.9,122.3,117.7,135.7,108.8,104.5,100.2,96,91.9,87.9,84.1,80.4,76.8,73.4,70.2,67.1,64.2,61.5,58.9,56.5,54.2,52.1,50,48,46.1,44.3,42.6,41,39.3,37.8,36.2,34.8,33.3,32,30.7,29.4,28.3,27.2,26.3,25.4,24.5,23.7,22.8,22.1,21.4,
Guam,,,,,,,,,,,,,,,,,,,,,,,,,,,,,,,,,,,,,,,,,,,,,,,,,,,,,,,,,,,,,,,,,
Guyana,91.9,88.1,84.9,82.1,79.9,78,76.6,75.6,74.8,74.3,73.9,73.7,73.5,73.3,73.1,72.7,72.4,71.9,71.4,70.8,70.2,69.6,68.9,68.2,67.4,66.6,65.7,64.7,63.5,62.2,60.8,59.2,57.7,56,54.5,53,51.6,50.2,48.9,47.7,46.5,45.3,44.2,43.2,42.3,41.4,40.5,39.7,38.9,38.1,37.3,36.5,35.8,34.9,34,33.1,32.1,31.1,30.2,29.3,28.4,27.5,26.6,25.7,
High income,,,,,,,,,,,,,,,,,,,,,,,,,,,,,,,13.8,13.2,12.6,12.1,11.6,11.1,10.7,10.2,9.9,9.5,9.1,8.9,8.6,8.3,8.1,7.8,7.5,7.3,7,6.8,6.6,6.5,6.3,6.2,6,5.8,5.7,5.5,5.3,5.2,5.1,5,5,5,
"Hong Kong SAR, China",,,,,,,,,,,,,,,,,,,,,,,,,,,,,,,,,,,,,,,,,,,,,,,,,,,,,,,,,,,,,,,,,
Honduras,206.9,200.2,193.7,187.4,181.2,175.1,169.1,163.1,157.4,151.6,145.9,140.4,134.9,129.4,149.1,119,113.9,108.9,104.1,99.4,94.8,90.5,86.2,82,78.1,74.3,70.7,67.3,64,61,58.1,55.4,52.9,50.6,48.4,46.4,44.4,42.5,64.9,39,37.3,35.7,34.1,32.6,31.1,29.8,28.6,27.5,26.5,25.5,24.6,23.7,22.8,22,21.2,20.5,19.8,19.1,18.4,17.8,17.2,16.6,16,15.5,
Heavily indebted poor countries (HIPC),,,,,,,,,,,,,,,,,,,,,,,,,,,,,,,180.9483937,183.4721054,180.5920859,172.5651118,172.2472831,165.4143423,161.8575491,158.0998213,154.1459824,149.1116664,143.7287325,138.1397696,132.3597549,126.5942915,121.6435129,116.3380892,110.6371371,105.9257987,101.5021475,100.0755618,95.0299763,94.85852536,87.61264712,83.7564753,81.3111797,78.12468009,75.52662718,74.08695949,71.17966773,69.63215773,66.65934415,65.02507835,65.65394432,60.63063581,
Croatia,,,,,,,,,,,,,,,,,,,,,,21.9,20.9,20,19.1,18,16.9,15.9,14.8,13.8,12.9,13.9,11.5,10.9,10.4,10,9.6,9.3,9,8.6,8.3,8,7.7,8.2,7.1,6.7,6.4,6.1,5.9,5.7,5.5,5.3,5.2,5.1,5,4.9,4.9,4.8,4.8,4.7,4.7,4.6,4.6,4.6,
Haiti,292.3,287.7,283.3,278.7,274.2,269.6,264.8,259.9,254.9,249.7,244.5,239.1,233.7,228.3,222.9,217.3,211.8,206.3,201,195.8,190.7,185.7,180.7,175.8,171.1,166.4,161.8,157.5,153.2,149.1,144.9,140.8,136.6,132.4,128,123.7,119.5,115.3,111.2,107.2,103.5,100,96.8,94,91.4,89.1,86.9,84.9,82.9,81.1,136.7,77.4,75.6,73.8,71.9,69.9,67.9,66.1,64.2,62.3,60.4,58.5,56.9,55.1,
Hungary,54.1,51.6,49.4,47.5,45.9,44.5,43.2,42,40.8,39.8,38.9,38.3,38.2,38.3,37.7,35.5,32.3,29.3,27,25.2,23.7,22.6,22,22,22,21.5,20.7,19.7,18.7,17.8,17.2,16.5,15.7,14.5,13.4,12.5,11.9,11.5,11.1,10.6,10.1,9.5,9,8.4,8,7.5,7.2,6.8,6.5,6.2,6,5.9,5.7,5.6,5.3,5.1,4.7,4.5,4.3,4.1,4,4,3.9,3.8,
IBRD only,,,,,,,,,,,,,,,,,,,,,,,,,,,,,,,78.13336591,77.49309877,75.8744012,73.98263433,72.02127296,69.97093673,67.85328675,65.68110783,63.39799182,61.10369259,58.53220472,56.40285965,53.90090794,51.41030721,49.24196208,46.39390917,43.90136213,41.47065962,39.1083247,37.00301717,35.01750276,33.15231746,31.05618268,29.59913649,27.76873282,26.6987634,25.38857141,24.08536397,23.62451136,22.72572875,22.31751795,21.70233603,21.17983397,20.63884866,
IDA & IBRD total,,,,,,,,,,,,,,,,,,,,,,,,,,,,,,,101.5711935,102.4445498,101.4087964,99.2042221,97.74272779,95.52252701,93.5652135,91.38456509,89.44365598,86.37886709,83.22909656,80.59449524,77.56245895,74.62559332,71.95393781,68.81814227,65.85318749,63.06017931,60.58544556,58.4901827,56.10702318,54.73862481,51.60419558,49.95041483,48.48060543,47.31962886,45.73886526,44.6310059,43.60880415,42.67699469,42.06177725,41.44348046,41.32765444,39.64375406,
IDA total,,,,,,,,,,,,,,,,,,,,,,,,,,,,,,,160.9225182,160.9553365,158.9242304,154.1799529,152.2355571,148.17532,145.1253273,141.6326649,139.1933161,133.3557619,128.8039097,124.1549967,119.3771831,114.9050759,111.0225658,106.7848796,102.4779395,98.65039288,95.74993141,93.40788058,89.84337503,88.94076456,84.48945651,81.67457583,80.37050529,78.28360219,76.17991593,74.49970044,71.01117785,68.97760412,66.33574667,64.62012114,64.13258992,60.61705288,
IDA blend,,,,,,,,,,,,,,,,,,,,,,,,,,,,,,,153.9716938,153.1509824,152.3881712,151.6502932,150.5680431,149.1240991,147.0287221,144.4593607,141.477833,138.1797808,134.6376149,131.1084325,127.1077311,123.6105452,120.2024862,116.7008918,113.2462851,109.8986867,106.6331655,103.9062645,101.3850536,99.24171579,97.07982884,94.97131116,93.01765586,91.00155332,89.02843173,86.89085302,84.41839713,82.06252486,79.4345414,77.05073612,74.72291796,72.47190204,
Indonesia,223.8,217.7,211.8,206,200.3,229.1,188.9,183.1,177.3,171.6,166,160.7,155.4,150.4,145.5,140.9,136.5,132.4,128.4,124.5,120.7,117,113.3,109.7,106.1,102.4,98.8,95.1,91.4,87.6,83.9,80.1,76.4,72.8,69.4,66.1,62.9,59.9,57.1,54.4,51.9,49.6,47.3,45.2,49.1,41.4,39.6,38,36.4,35,33.6,32.2,31,29.7,28.6,27.4,26.4,25.4,24.5,23.6,22.8,22,21.3,20.6,
IDA only,,,,,,,,,,,,,,,,,,,,,,,,,,,,,,,164.6424227,165.1785495,162.4774607,155.5460439,153.1327272,147.6655012,144.1005105,140.1136409,137.9639995,130.7395269,125.6241816,120.3496405,115.1359599,110.1146893,105.9833223,101.305043,96.45499051,92.2775785,89.47201322,87.27884747,83.04737671,82.86046718,77.10116826,73.9190416,73.03173833,70.9912433,68.9508558,67.61556436,63.67326263,61.92456296,59.35829479,58.00536339,58.52340419,54.36355996,
Isle of Man,,,,,,,,,,,,,,,,,,,,,,,,,,,,,,,,,,,,,,,,,,,,,,,,,,,,,,,,,,,,,,,,,
India,241.1,237.9,234.8,232,229.3,226.9,224.4,222,219.7,217.2,214.5,211.5,208.3,204.7,200.7,196.1,191.2,185.8,180.2,174.5,169.1,163.8,159,154.5,150.3,146.2,142.2,138.2,134.2,130.3,126.5,122.9,119.5,116.1,112.8,109.5,106,102.5,98.9,95.3,91.6,88,84.5,81.1,77.7,74.4,71.1,67.9,64.6,61.4,58.2,55,52,49.1,46.3,43.6,41.1,38.7,36.4,34.3,32.4,30.6,29.1,27.7,
Not classified,,,,,,,,,,,,,,,,,,,,,,,,,,,,,,,,,,,,,,,,,,,,,,,,,,,,,,,,,,,,,,,,,
Ireland,35.3,33.8,32.5,31.3,30.1,28.7,27.1,25.5,24.1,23,22.2,21.7,21.4,21.1,20.6,20,19.1,18.1,16.9,15.6,14.3,13.2,12.3,11.7,11.1,10.7,10.4,10.2,9.9,9.6,9.2,8.7,8.1,7.7,7.4,7.3,7.3,7.3,7.3,7.3,7.2,6.9,6.5,6,5.6,5.2,4.9,4.6,4.4,4.3,4.2,4.1,4,3.9,3.8,3.7,3.6,3.5,3.4,3.4,3.5,3.6,3.7,3.8,
"Iran, Islamic Rep.",,,,,,,,,,,,188.9,179.7,170.9,162.2,153.4,144.4,135.4,126.1,117.1,108.4,100.3,93,86.7,81.3,76.4,72,68,64.2,60.7,57.6,54.8,52.2,50,47.9,45.9,44,42.1,40.2,38.3,36.3,34.2,32.2,30.2,28.3,26.5,24.8,23.2,21.7,20.4,19.3,18.4,17.5,16.8,16.1,15.5,15,14.5,13.9,13.5,13,12.6,12.2,11.8,
Iraq,190.1,179.2,169.3,159.9,151.4,143.6,136.4,129.8,123.7,117.8,112.4,107.3,102.5,97.9,93.5,89.3,85.4,81.7,78.3,75.2,72.3,69.6,67.1,64.9,62.8,60.9,59.1,57.5,69.2,81.2,79.7,64.9,51.7,50.7,49.8,48.9,48,47.1,46.1,45.2,44.3,43.3,42.4,41.6,40.7,39.7,38.8,37.8,36.7,35.6,34.6,33.5,32.4,31.4,30.4,29.4,28.4,27.5,26.6,25.7,24.9,24.1,23.3,22.6,
Iceland,21.4,21.1,20.7,20.2,19.7,19.2,18.5,17.9,17.2,16.6,16,15.4,14.8,14.1,13.5,12.9,12.2,11.5,10.9,10.3,9.7,9.2,8.7,8.3,7.9,7.5,7.3,7,6.7,6.5,6.3,6.1,5.8,5.6,5.4,5.2,4.9,4.7,4.5,4.2,4,3.8,3.6,3.4,3.3,3.1,3,2.9,2.8,2.7,2.7,2.7,2.6,2.6,2.6,2.6,2.6,2.6,2.7,2.7,2.7,2.7,2.6,2.6,
Israel,47.1,44.8,42.6,40.6,38.6,36.8,35.2,33.6,32.3,31.1,30.1,29.1,28.2,27.2,26.1,24.8,23.3,21.9,20.5,19.3,18.2,17.4,16.6,15.9,15.1,14.4,13.7,13.1,12.6,12.1,11.5,11,10.4,9.8,9.2,8.7,8.2,7.8,7.5,7.2,6.9,6.6,6.3,6.1,5.8,5.6,5.3,5.1,4.9,4.7,4.6,4.4,4.3,4.1,4,3.9,3.8,3.7,3.7,3.6,3.5,3.5,3.4,3.4,
Italy,51.9,49.8,47.6,45.3,43.1,41.1,39.3,37.8,36.4,35.1,33.6,31.8,29.8,27.6,25.3,23.1,21.1,19.5,18.2,17,16.1,15.2,14.3,13.5,12.7,12,11.4,10.8,10.4,10,9.7,9.3,8.9,8.5,8,7.5,7,6.6,6.2,5.9,5.6,5.3,5.1,4.8,4.6,4.5,4.3,4.2,4.1,4.1,4,3.9,3.8,3.7,3.6,3.5,3.4,3.3,3.2,3.1,3,2.9,2.8,2.8,
Jamaica,81.7,77.9,74.5,71.7,69.1,66.9,64.9,62.8,60.8,58.7,56.4,54.1,51.8,49.5,47.4,45.5,43.7,42.1,40.6,39.2,37.8,36.6,35.4,34.3,33.2,32.2,31.3,30.4,29.6,28.8,28,27.3,26.6,25.8,25.1,24.3,23.5,22.7,21.9,21.2,20.6,20,19.7,19.4,19.2,19.2,19.1,19.2,19.2,19.1,19.1,19,18.9,18.8,18.7,18.7,18.6,18.6,18.7,18.8,19,19.1,19.3,19.3,
Jordan,155.1,146.1,137.7,129.9,122.7,116,109.8,104.1,98.7,93.8,89.1,84.8,80.6,76.7,73.1,69.6,66.3,63.1,60.2,57.4,54.8,52.2,49.9,47.6,45.5,43.4,41.6,39.8,38.2,36.8,35.4,34.2,33.1,32,31,30.1,29.1,28.3,27.4,26.6,25.8,25,24.2,23.5,22.7,22,21.3,20.7,20,19.4,18.9,18.3,17.8,17.4,16.9,16.5,16,15.6,15.2,14.8,14.4,14,13.6,13.2,
Japan,39.7,36.2,32.9,29.8,27,24.6,22.6,21,19.6,18.5,17.5,16.5,15.7,14.9,14.1,13.3,12.5,11.8,11.1,10.5,9.9,9.3,8.8,8.3,7.9,7.5,7.1,6.8,6.6,6.4,6.3,6.2,6.1,6,5.9,5.7,5.5,5.2,5,4.7,4.5,4.3,4.1,4,3.9,3.7,3.6,3.5,3.4,3.4,3.3,3.3,3.1,3,2.9,2.8,2.7,2.6,2.5,2.5,2.4,2.4,2.4,2.4,
Kazakhstan,,,,,,,,,,,,85.4,83.3,81.4,79.6,78,76.6,75.3,73.9,72.4,70.5,68.3,66,63.8,61.6,59.4,57.3,55.4,53.7,52.3,51.6,51.3,51.6,52.3,52.8,52.6,51.6,49.9,47.6,45.1,42.5,39.9,37.6,35.4,33.3,31.2,29,26.9,24.7,22.5,20.4,18.3,16.3,14.6,13,11.9,11,10.5,10.3,10.2,10.1,10,9.8,9.6,
Kenya,196.3,188.3,181.1,175,170,165.9,162.5,159.5,156.6,153.5,150.3,146.9,143.3,139.5,135.4,131.2,126.7,122.3,117.8,113.5,109.6,105.9,102.6,99.8,97.4,95.7,94.9,95.1,96.3,98.5,101.4,104.6,107.4,109.3,110.2,110,108.9,107,104.2,100.6,96.3,91.6,86.6,81.6,76.6,71.5,67.1,63.2,58.2,55.4,53.5,52.2,51.2,50,48.8,47.4,46,45.3,44.3,43.3,42.8,41.9,41.1,39.9,
Kyrgyz Republic,,,,,,,,,,,,,,,,114.6,111.7,108.7,105.7,102.6,99.2,95.6,91.7,87.5,83.4,79.2,75.4,71.8,68.7,66.4,65.2,64.7,64.7,64.9,64.8,63.6,61.7,59.2,56.3,53.5,50.8,48.1,45.7,43.3,41.2,39.3,37.6,35.7,33.7,31.6,29.6,27.7,26,24.7,23.5,22.2,21.1,20,19.1,18.4,17.8,17.5,17.2,17,
Cambodia,,,,,,,,,,,,,,,,525.1,541,525.3,484.6,207,180.9,158.5,141.3,130.1,123.7,120,117.9,116.7,116.3,116.3,116.3,116.2,116.5,117.4,118.6,119.7,120.1,119.4,117.3,113,105.9,96.5,86.7,78,70.8,64.8,59.8,55.4,51.3,47.4,43.7,40.5,37.7,35.3,33.3,31.6,30.2,28.9,27.7,26.7,25.6,24.7,23.8,22.9,
Kiribati,199.3,194.5,189,183.3,177,170.5,164,157.7,151.8,146.3,141.1,136.7,132.7,129.5,127.2,125.4,124.1,122.9,121.7,120.4,119.1,117.4,115.6,113.5,111.2,108.5,105.5,102.2,98.7,95,91.3,87.7,84.4,81.3,78.7,76.4,74.2,72.2,70.2,68.3,66.4,64.6,63.1,62,61.3,60.7,60.3,59.9,59.3,58.7,58.2,57.9,57.8,58,58.4,58.9,59.5,59.9,59.8,59.3,58.6,57.6,56.5,55.1,
St. Kitts and Nevis,,,,,,,,,,,,,,61.6,60.3,59.1,57.8,56.4,54.8,52.9,50.6,48.1,45.3,42.6,40,37.6,35.6,33.9,32.4,31.2,30.3,29.6,29,28.5,28,27.6,27,26.4,25.6,24.8,23.9,22.9,22,21.1,20.3,19.7,19.2,18.9,18.8,18.7,18.8,18.9,19.1,19.3,19.5,19.4,19.3,19,18.6,18.2,17.7,17.2,16.8,16.3,
"Korea, Rep.",111.6,106.3,101.4,96.7,91.8,86.8,81.6,76.2,71,65.9,61.2,57.1,53.6,50.7,48.2,46.1,44.2,42.3,40.4,38.4,36.3,34,31.7,29.3,27,24.6,22.5,20.5,18.7,17.1,15.7,14.4,13.3,12.3,11.4,10.5,9.8,9.1,8.5,8,7.5,7.1,6.8,6.4,6,5.6,5.2,4.8,4.5,4.3,4.1,4,3.8,3.7,3.6,3.5,3.4,3.3,3.2,3.1,3,2.9,2.8,2.8,
Kuwait,141.9,132.2,123,114.4,106.1,98.6,91.7,85.5,79.8,74.7,70,65.7,61.7,58,54.5,51.2,48,44.9,41.9,38.9,35.9,32.9,30,27.2,24.8,23,21.6,20.4,19.3,18.3,17.3,16.4,15.7,15.2,14.9,14.6,14.2,13.8,13.4,13,12.7,12.5,12.3,12.1,11.9,11.7,11.6,11.4,11.2,11,10.7,10.3,9.9,9.6,9.3,9.1,9,8.9,8.9,8.9,8.9,8.9,8.8,8.8,
Latin America & Caribbean (excluding high income),,,,,,,,,,,,,,,,,,,,,,,,,,,,,,,57.79865852,55.29243069,52.71756754,50.13141377,47.58164534,45.11146485,42.75013236,40.43621595,38.89465409,36.26984102,34.45794834,32.66384393,31.04026236,29.55795302,28.20909336,26.92998572,25.82510388,24.74357593,23.75139827,22.86829728,23.63889049,21.26352523,20.55119725,19.8776789,19.29910439,18.78667742,18.71394266,17.90616052,17.47323319,17.09968353,16.81380618,16.39435386,16.06917874,15.68989425,
Lao PDR,,,,,,,,,,,,,,,,,,,217.4,211.4,205.6,200,194.7,189.4,184.4,179.5,174.4,169.4,164.3,159.3,154.1,149,143.9,138.7,133.9,129.1,124.5,120.1,115.8,111.7,107.5,103.4,99.1,94.9,90.8,86.8,82.7,78.8,75,71.4,68,64.7,61.5,58.6,55.8,53.2,50.9,48.8,46.8,45.1,43.4,41.9,40.4,39,
Lebanon,74.8,72.4,70.1,68,66.2,64.6,63.3,62.2,61.4,60.7,60.1,59.8,59.3,58.8,58.1,57.3,186.2,75.1,75.4,76,73.9,71.6,121.5,53.9,51.8,49.6,47.4,57.5,55.3,33.4,31.8,30.3,28.8,27.5,26.3,25.2,24,23,21.9,20.9,19.9,18.9,17.8,16.9,16,15.2,14.4,13.8,13.3,13,12.7,12.5,12.4,12.4,12.5,12.7,13.1,13.5,14,14.7,15.5,16.3,17.3,18.3,
Liberia,312.5,313,312.7,312,310.5,308.4,305.9,302.3,297.9,292.8,287.9,283,278.2,273.6,269,264.5,260.1,256.1,252.5,249.1,245.8,243,241,240.1,240.6,242.9,246.8,251.9,257.8,263.5,267.8,269.9,269.2,265.5,259.3,250.9,241.1,230,218,205.4,192.4,179.4,166.6,154.3,143.1,133.2,124.8,118,112.6,108.1,104.4,101.1,98.2,95.4,95,90.8,88.3,86,84,81.9,79.7,77.4,75.1,72.9,
Libya,277.4,259.9,243,226.8,211.8,197.1,183.2,170.2,157.9,146.5,135.9,126.1,117,108.9,101.6,95,89.1,83.9,79.2,75,71.1,67.6,64.2,61,57.9,55,52.1,49.4,46.7,44.2,41.9,39.8,37.8,36.1,34.6,33.2,32,30.9,29.9,29,28.1,27.3,26.5,25.5,24.4,23.1,21.7,20.2,18.8,17.6,16.6,19.6,15.1,14.5,13.9,13.3,12.8,12.4,11.9,11.6,11.2,10.8,10.5,30.8,
St. Lucia,134.2,128.5,122.5,116.2,109.6,102.9,96.2,89.6,83.2,77,71,65.4,60.2,55.3,50.8,46.7,43,39.7,36.8,34.2,32,30,28.3,26.8,25.5,24.4,23.5,22.7,22,21.4,20.9,20.5,20.1,19.8,19.5,19.2,19,18.8,18.7,18.6,18.5,18.4,18.3,18.3,18.3,18.3,18.2,18.2,18.2,18.1,18,17.9,17.8,17.7,17.5,17.4,17.2,17,16.7,16.5,16.3,16,15.8,15.5,
Latin America & Caribbean,,,,,,,,,,,,,,,,,,,,,,,,,,,,,,,54.8,52.4,50,47.6,45.3,43,40.8,38.6,37.2,34.7,33,31.3,29.8,28.4,27.1,25.9,24.8,23.8,22.9,22.1,22.8,20.6,20,19.4,18.9,18.5,18.6,17.9,17.5,17.2,16.9,16.5,16.2,15.9,
Least developed countries: UN classification,,,,,,,,,,,,,,,,,,,,,,,,,,,,,,,175.4968052,176.1698471,173.3065734,165.8775566,163.3019383,157.4991754,153.6458029,149.401744,146.9313215,139.5881752,134.1357113,128.6491477,123.1446086,117.778201,113.1482164,108.3187094,103.0935806,98.67013598,95.67461408,93.03485453,88.54426677,88.15303883,81.67082018,78.06678359,76.89881664,74.5403786,72.30181048,70.78830801,66.64543229,64.88265824,62.19531876,60.75344376,61.21812281,56.89759304,
Low income,,,,,,,,,,,,,,,,,,,,,,,,,,,,,,,184.1,188.6,185.8,175.7,174.5,168.5,164.5,160.5,159.8,150.4,145.1,139.5,133.9,127,122.3,117.1,111.2,106.3,101.7,101.7,95,97.2,88.6,84.9,84.6,82.5,80.2,79,73.5,71.6,68.2,66.8,68.5,62.3,
Liechtenstein,,,,,,,,,,,,,,,,,,,,,,,,,,,,,,,,,,,,,,,,,,,,,,,,,,,,,,,,,,,,,,,,,
Sri Lanka,94.1,89.5,86.6,84.8,83,80.7,78.1,75.5,73.2,71.4,70.2,69.4,68.6,67.7,66.2,64.1,61.2,57.7,53.8,49.9,46.3,42.9,39.8,36.7,33.5,30.2,27.4,25.4,24.1,27.4,23.3,23.2,22.9,22.2,21.4,20.5,19.5,18.6,17.6,16.9,16.3,15.8,15.5,15.2,28.8,14,13.3,12.6,12,20.8,11.2,10.8,10.3,9.8,9.2,8.7,8.3,7.9,7.6,7.2,6.9,6.6,6.4,6.1,
Lower middle income,,,,,,,,,,,,,,,,,,,,,,,,,,,,,,,127.9,125,122.3,119.7,117.1,114.4,111.7,108.6,105.5,102,98.5,94.9,91.3,88,84.8,81.7,78.8,75.8,73.5,70.4,68,65.4,63,60.8,58.7,56.8,54.8,53,51.3,49.5,47.9,46.3,44.9,43.5,
Low & middle income,,,,,,,,,,,,,,,,,,,,,,,,,,,,,,,101.8858567,102.7114641,101.4861316,99.09941499,97.6539596,95.65011465,93.68119217,91.49060786,89.59486838,86.4871528,83.35372413,80.76599037,77.78176378,74.71849999,72.11203775,68.99331492,66.07440147,63.36770298,60.96899656,58.92401143,56.53741689,55.18852554,52.02557953,50.37583517,48.92707035,47.78202284,46.16892608,45.02359718,43.98883073,43.02509431,42.42358199,41.81694857,41.73050662,40.01957483,
Lesotho,185.9,185,185,185.6,186.3,186.6,186.3,185.2,183.1,180.3,176.8,173,169.1,164.9,160.1,154.7,148.6,142.3,135.8,129.3,123,116.8,111.2,105.9,101.3,97.2,93.6,90.6,88,86,84.7,84.3,85.1,87.3,90.7,94.5,98.3,101.6,104.5,107.2,109.4,111.1,112.4,113.7,114.7,115.6,115.3,111.5,108.8,96.4,90.1,85.9,82.6,80.2,78.2,75.1,71.8,71.2,69.1,68.7,66.8,64.4,61.5,58.9,
Late-demographic dividend,,,,,,,,,,,,,,,,,,,,,,,,,,,,,,,50.52539511,49.19508084,47.94149214,46.47584653,44.78517117,43.94008852,42.0637633,40.15318436,38.12425589,36.09167833,34.06946131,31.87317706,29.66070961,26.75560669,25.07155946,23.05170842,21.41884793,19.92770322,18.58853739,17.52909431,16.38680117,15.44279536,14.50383764,13.72728538,12.91968312,12.31433075,11.67800303,10.99256226,10.67263788,10.27637639,10.13390136,9.906684173,9.732206746,9.485978477,
Lithuania,,,,,,,,26.3,26.3,25.1,22.9,21.1,20.8,21.6,22.4,22.6,22.5,22.2,21.8,21.2,20.5,19.8,19.2,18.7,18.2,17.4,16.4,15.2,14.2,14.2,15.2,16.7,17.8,17.9,16.9,15.1,13.4,12.3,11.6,11.2,10.7,10.3,9.9,9.6,9.3,9,8.6,8,7.4,6.7,6,5.6,5.3,5.1,5.1,5,4.9,4.6,4.2,3.9,3.7,3.6,3.5,3.4,
Luxembourg,37.2,35.4,33.6,32,30.4,28.9,27.5,26.1,24.8,23.6,22.4,21.1,19.9,18.8,17.7,16.7,15.8,15.1,14.4,13.9,13.4,12.9,12.5,12.1,11.6,11.2,10.7,10.2,9.7,9.3,8.8,8.3,7.8,7.3,6.8,6.4,6,5.6,5.3,5,4.7,4.4,4.2,3.9,3.7,3.5,3.3,3.1,3,2.9,2.8,2.7,2.7,2.6,2.6,2.6,2.5,2.5,2.5,2.5,2.5,2.4,2.4,2.3,
Latvia,,,,,,,,,,,,,,,,,,,,20.8,20.7,20.6,20.3,19.6,18.7,17.5,16.4,15.5,15.3,15.8,17,18.3,19.3,19.9,20,19.8,19,17.9,16.7,15.4,14.2,13.3,12.6,11.9,11.2,10.5,9.9,9.3,8.8,8.3,7.8,7.2,6.6,6,5.5,5.1,4.7,4.5,4.2,4,3.7,3.5,3.2,3,
"Macao SAR, China",,,,,,,,,,,,,,,,,,,,,,,,,,,,,,,,,,,,,,,,,,,,,,,,,,,,,,,,,,,,,,,,,
St. Martin (French part),,,,,,,,,,,,,,,,,,,,,,,,,,,,,,,,,,,,,,,,,,,,,,,,,,,,,,,,,,,,,,,,,
Morocco,243.9,238.8,233.9,228.7,223.2,217.6,211.9,206.1,200.7,195.6,190.9,186.7,182.6,178.4,173.8,168.4,162.4,155.8,148.8,141.6,134.6,127.7,121.1,114.8,108.8,103.1,97.9,93,88.6,84.5,80.8,77.3,74,70.9,67.8,64.9,62.1,59.4,56.9,54.5,52.2,50.1,47.9,45.7,43.6,41.3,39.1,37,34.9,32.9,31.1,29.3,27.7,26.2,24.7,23.4,22.2,21.1,20.2,19.4,18.6,17.9,17.2,16.6,
Monaco,,,,,,,,,,,,,,,,,,,,,,,,,,9.7,9.3,8.9,8.5,8.1,7.7,7.4,7.1,6.8,6.5,6.2,6,5.8,5.5,5.3,5.2,5,4.8,4.7,4.6,4.5,4.4,4.3,4.2,4.1,4,3.9,3.8,3.7,3.6,3.5,3.4,3.3,3.2,3.1,3,2.9,2.8,2.7,
Moldova,,,,,,,,,,,,63.9,62,60.3,58.6,56.8,55.3,53.8,52.3,50.8,49.3,47.8,46.1,44.1,42,40,38,36.2,34.8,33.8,33.5,33.9,34.8,36.2,37.5,38.4,38.5,37.8,36.2,34,31.3,28.5,25.8,23.4,21.6,20.1,19.1,18.3,17.7,17.3,16.9,16.6,16.3,16,15.8,15.5,15.3,15.2,15.1,15,14.9,14.8,14.8,14.7,
Madagascar,,,,,,,,,145.6,147.3,149.1,151.2,153.3,155.7,158.2,160.7,163,165.2,167.1,169.2,171.4,173.9,176,177.6,178,177.2,174.8,171.1,166.4,161,155.5,150.1,145,140.2,135.4,130.6,125.6,120.4,115.1,110,105,100.4,96,92,88.2,84.6,81.2,78.1,75.3,72.8,70.7,69,67.7,66.9,66.2,65.8,65.7,65.7,65.8,66.1,66.3,66.2,65.7,64.8,
Maldives,,,333.6,324.6,315.1,306,296.8,287.1,277.4,267.9,257.8,247.4,236.1,224.4,212.4,200.6,189.3,178.6,168.6,159.2,150.1,141.8,134,126.8,119.9,113.4,107.3,101.4,95.9,90.6,85.7,80.8,76.1,71.5,66.8,62.2,57.4,52.8,48.1,43.6,39,34.7,30.8,27.2,27,21.6,19.4,17.6,16.1,14.9,13.8,12.9,12.1,11.3,10.5,9.9,9.2,8.6,8,7.4,6.9,6.4,6,5.7,
"Middle East, North Africa, Afghanistan & Pakistan",,,,,,,,,,,,,,,,,,,,,,,,,,,,,,,68.8,65.1,61.6,59.2,57,54.9,52.6,50.5,48.3,46.1,44,41.9,40,38.2,36.4,34.8,33.2,31.5,30.1,28.8,27.6,26.8,26.6,25.8,24.9,24.3,23.3,22.8,22.5,21.9,21.2,20.7,20.2,20,
Mexico,154.7,148.3,142.5,137,132,127.3,122.9,118.7,114.7,110.7,106.8,103,99.3,95.6,92.1,88.6,85.2,81.8,78.5,75.1,71.8,68.6,65.5,62.6,59.8,57.1,54.6,52.1,49.8,47.5,45.3,43.2,41.2,39.2,37.4,35.7,34,32.4,30.9,29.4,28.1,26.8,25.7,24.6,23.6,22.7,21.9,21.1,20.4,19.8,19.1,18.5,17.9,17.3,16.8,16.2,15.7,15.2,14.7,14.2,13.8,13.3,12.9,12.5,
Marshall Islands,121.6,115.8,110.3,105.3,100.6,96.4,92.5,88.8,85.3,81.9,78.7,75.8,73.3,71.3,69.7,68.6,67.7,66.9,66.1,65.2,64.2,62.9,61.5,60,58.3,56.6,54.9,53.1,51.3,49.5,47.6,45.9,44.3,42.9,42,41.5,41.4,41.5,41.9,42.3,42.5,42.5,42.4,42.1,41.8,41.4,41,40.6,40.2,39.7,39.4,38.9,38.2,37.5,36.6,35.7,34.8,33.8,32.9,31.9,31,30,29.1,28.2,
Middle income,,,,,,,,,,,,,,,,,,,,,,,,,,,,,,,94.30036235,94.1492481,92.67696788,90.85933321,89.09511493,87.1320179,85.07298654,82.83491781,80.51384314,78.00521252,75.06610454,72.67224442,69.86015116,67.17557257,64.67490487,61.68062689,59.07859631,56.58023512,54.43377793,51.95647467,50.07394935,47.99598312,45.70150074,44.26222532,42.45416174,41.30440283,39.68990003,38.3230336,37.82976321,36.81760669,36.44527676,35.7694453,35.05457092,34.28362208,
North Macedonia,,,,,,,,,,,,,,,,,,,,,,57.9,55.3,52.5,50.6,50,49.1,46.9,43.6,40.1,37,34.6,33,31.3,28.5,24.5,21.2,19.3,18.3,17.3,15.9,14.8,14.3,14.3,14.2,13.7,13,12.3,11.7,11,10.4,10,10.2,10.7,11.1,11.3,10.8,9.7,8.3,7,5.9,5,4.1,3.3,
Mali,,,,426.3,418.9,411.8,404.8,397.9,391.7,385.5,379.5,373.2,366.8,359.7,351.9,343.9,335.5,326.9,318.3,309.8,301.5,293.1,284.9,276.8,268.9,261.4,254.2,247.7,241.6,236,231,226.5,222.6,218.9,215.4,211.9,208.1,203.8,199,193.5,187.6,181.5,175.2,169,163.1,157.4,152.2,147.3,142.6,138.2,133.9,129.9,126.1,122.4,119,115.7,112.4,109.3,106.1,103.1,100,96.9,94,91.3,
Malta,40,38.5,37.3,36.3,35.3,34.3,33.1,31.9,30.6,29.3,27.9,26.6,25.2,23.9,22.6,21.4,20.3,19.3,18.4,17.6,16.9,16.2,15.7,15.1,14.5,13.9,13.3,12.8,12.3,11.8,11.3,11,10.6,10.2,9.8,9.4,9,8.6,8.2,7.9,7.6,7.4,7.2,7.1,7,6.9,6.9,6.9,6.9,6.9,6.9,6.8,6.8,6.7,6.7,6.6,6.5,6.4,6.3,6.1,6,5.8,5.7,5.5,
Myanmar,,,,,,,,,180.2,176.9,173.5,170.3,166.8,163.4,159.9,156.2,152.7,149.2,145.8,142.6,139.6,136.7,134,131.4,129,126.7,124.5,122.2,119.9,117.6,115.1,112.5,109.9,107.2,104.6,102,99.4,96.8,94.3,91.9,89.5,87.1,84.7,82.2,79.7,77.1,74.4,71.6,101.1,66,63.2,60.5,58,55.6,53.4,51.3,49.5,47.7,46,44.4,42.9,41.4,40,38.7,
"Middle East, North Africa, Afghanistan & Pakistan (excluding high income)",,,,,,,,,,,,,,,,,,,,,,,,,,,,,,,101.8292944,98.74599802,96.0692421,94.30563387,92.71010538,90.73089229,88.44142598,85.94009152,83.28024862,80.76502932,78.13557129,75.30921405,72.80411568,70.56840726,68.10779043,65.81960129,63.89142233,61.91752556,60.04797497,58.3852098,56.60491062,54.80726776,53.28787456,51.50409532,49.67559182,48.19705592,46.68299037,45.4927391,44.78778913,43.74560763,42.44033695,41.3728364,40.15848032,39.12073932,
Montenegro,,,,,,,,,,,,,,,,,,,,,,,,,27.2,24.8,22.5,20.5,18.9,17.5,16.5,15.8,15.4,15.2,15.1,15.1,15.1,15.1,14.9,14.6,14.2,13.7,13,12.2,11.4,10.6,9.7,8.9,8,7.3,6.6,5.9,5.4,4.9,4.5,4.1,3.8,3.6,3.3,3.2,3,2.8,2.7,2.6,
Mongolia,,,,,,,,,,,,,,,,,,,173.4,167,160.9,155.3,149.8,144.4,139,133.5,127.9,122.3,116.7,111.4,106.5,102,97.8,93.9,90,86,81.9,77.4,72.7,67.8,62.9,58,53.2,48.7,44.5,40.7,37.1,33.9,31.1,28.5,26.3,24.4,22.8,21.5,20.4,19.4,18.4,17.4,16.4,15.6,14.8,14.3,13.9,13.6,
Northern Mariana Islands,,,,,,,,,,,,,,,,,,,,,,,,,,,,,,,,,,,,,,,,,,,,,,,,,,,,,,,,,,,,,,,,,
Mozambique,,,,265.4,266.5,267.5,268.1,268.5,268.5,268.6,268.1,267,265.6,264.2,262.7,261,259.7,258.4,257.4,256.7,256.1,255.6,254.8,253.1,251,248.3,245.1,242.1,239.1,236.2,232.9,229.7,225.8,221.2,215.5,208.6,200.6,191.7,182.1,172.4,163,154.2,146,138.5,131.6,125,118.2,110,103.7,97.5,95,90.5,86.3,82.6,79.2,75.1,72.3,70.9,69.5,68.3,67.3,65.8,64.3,61.7,
Mauritania,253.4,246.5,240,233.6,226.8,220.1,213.2,206,199.1,193.9,190.4,189,189,189.7,189.8,188.6,185.8,181.5,176.2,170.9,165.8,160.9,156,150.8,144.8,138.2,131.6,125.9,121.1,117.6,115.4,114.1,113.1,112.3,111.6,110.8,109.7,107.9,105.5,102.3,98.2,93.5,88.1,82.5,77,71.8,67.3,63.5,60.4,57.9,56.1,54.5,53.1,51.7,50.4,48.9,47.4,45.9,44.5,43,41.7,40.3,39.1,37.8,
Mauritius,102,98.2,93.1,87.2,84,86.6,92.5,95.5,92.5,87.2,83.5,81.5,79.8,77.1,72.4,65.3,57.4,50.8,46.2,42.8,40.2,37.7,34.7,31.5,29.2,28.5,28.8,28.5,27,25,23.2,21.9,21.3,21.2,21.6,22.2,22.6,22.5,21.6,20.3,18.9,17.6,16.6,16,15.7,15.5,15.4,15.2,15,14.8,14.8,14.9,15,14.9,14.7,14.7,14.7,15,15.3,15.7,15.8,15.7,15.5,15.2,
Malawi,,358.9,358,356.6,355.2,353.8,352.6,351.4,349.9,347.4,343.6,338.6,331.8,323.9,315.1,305.8,296.5,286.8,276,265.4,256.3,249,245,244.9,247.7,251.4,254.2,255,253.2,248.9,242.8,235.5,227.7,220.2,213.4,206.6,201.9,197.3,191.7,183.9,173.3,159.9,145.5,131.5,119.3,109.9,103.4,98.3,93.1,88.1,83,76.7,69.8,64,60.2,56.7,53.5,50.6,47.5,45.5,43.1,41.5,39.9,38.3,
Malaysia,94.6,88.3,82.5,77.4,72.8,68.9,65.6,62.7,60.2,57.9,55.6,53.2,50.6,47.9,45,42.3,39.7,37.1,34.8,32.5,30.4,28.4,26.5,24.7,23.2,21.8,20.5,19.3,18.3,17.4,16.6,15.8,15.1,14.5,13.9,13.4,12.9,12.3,11.5,10.7,10,9.3,8.8,8.5,8.4,8.3,8.3,8.2,8.2,8.2,8.1,8.1,8,8.1,8.1,8.1,8.2,8.2,8.2,8.2,8.1,8.1,8.1,8.1,
North America,,,,,,,,,,,,,,,,,,,,,,,,,,,,,,,11,10.6,10.2,9.9,9.5,9.2,9,8.7,8.6,8.4,8.3,8.2,8.1,8,7.9,7.8,7.7,7.6,7.5,7.3,7.2,7,6.9,6.8,6.7,6.6,6.6,6.5,6.4,6.4,6.3,6.3,6.3,6.4,
Namibia,,,,,,,,96.6,96.4,96.5,96.5,96.7,96.8,97.3,97.9,98.9,100.3,101.6,102.7,103.4,103.1,101.8,99.3,96.1,92.2,88.1,84.3,80.9,78.1,75.7,73.9,72.4,71.4,71,71.3,72.4,73.9,75.6,77,77.9,77.9,77.1,76.1,75.1,74.1,70.5,64.9,60.6,56.4,52.9,50.8,51.6,55.1,54,53.1,55,54.2,51.9,50.1,47.8,45.7,43.8,42,40.7,
New Caledonia,,,,,,,,,,,,,,,,,,,,,,,,,,,,,,,,,,,,,,,,,,,,,,,,,,,,,,,,,,,,,,,,,
Niger,,,,,,,,318.6,322.9,327.4,331.8,335.9,339.9,342.3,342.9,342.1,339.3,335,330.3,326,323.3,323.1,325,328.6,333,337,339.9,340.9,339.8,336.8,331.7,325,316.7,306.3,294.2,281.3,268.8,257.3,246.7,237.2,227.8,217.5,206.2,194.4,182.8,171.9,162,153.6,146.6,140.9,136.5,133.1,130.7,128.9,127.4,126.3,125.1,123.9,122.8,121.8,120.6,119.1,117.1,114.8,
Nigeria,,,,,327.1,320.2,313.4,306.6,299.9,292.5,285.1,277,268.8,260.5,252,243.9,236.2,229.1,222.9,217.6,213.2,210,208,207.2,207.2,207.8,208.7,209.4,209.9,210.1,209.8,209.2,208.3,207.3,205.8,203.8,201.1,197.4,192.9,187.8,182.3,176.8,171.1,165.4,159.8,154.5,149.6,145.2,141.3,138,135.1,132.9,130.9,129.3,127.9,126.4,124.8,122.8,120.2,117.5,114.4,111.3,108.1,104.9,
Nicaragua,198,195.9,194,191.9,189.5,187,184.3,181.3,178,174.4,170.5,166.1,186.7,155.9,149.9,143.5,136.5,129.2,121.9,114.8,108,101.6,95.8,90.7,86.2,82.1,78.5,75.3,72.2,69.2,66.2,63.1,60,56.9,53.9,50.9,48.1,45.4,50.1,40.4,38.2,36.2,34.3,32.6,31,29.5,28.1,26.8,25.5,24.4,23.3,22.2,21.3,20.3,19.4,18.6,17.8,17.1,16.4,15.7,15.1,14.5,13.9,13.4,
Netherlands,20.8,20.3,19.7,19.2,18.8,18.3,17.9,17.4,16.9,16.4,15.8,15.3,14.7,14.1,13.6,13.1,12.6,12.1,11.6,11.2,10.9,10.6,10.4,10.2,9.9,9.7,9.5,9.2,8.9,8.6,8.3,8,7.7,7.4,7.1,6.9,6.7,6.6,6.4,6.3,6.2,6.1,5.9,5.7,5.5,5.3,5.1,4.9,4.7,4.6,4.4,4.3,4.2,4.2,4.1,4.1,4.1,4,4,4,4,4,4,4,
Norway,22.6,22.1,21.5,21,20.4,19.7,19,18.2,17.5,16.9,16.2,15.6,15,14.3,13.6,12.9,12.2,11.5,10.9,10.4,10.1,9.9,9.9,10,10.1,10.2,10.2,10.1,9.8,9.3,8.7,7.9,7.2,6.6,6.1,5.7,5.4,5.2,5.1,5,4.9,4.7,4.6,4.4,4.2,4.1,3.9,3.7,3.6,3.4,3.3,3.1,3,2.9,2.8,2.7,2.6,2.5,2.5,2.4,2.4,2.3,2.3,2.4,
Nepal,327.6,323.6,318.6,313.2,306.9,300.2,293.5,286.5,279.8,273.4,267.2,261.5,255.7,250.1,244.7,239,233.3,227.4,221.2,214.9,208.3,201.7,195.1,188.4,181.6,174.8,167.9,160.7,153.4,146.1,138.9,131.8,124.8,118.2,111.8,105.8,100,94.4,89.1,84,79.2,74.8,70.6,66.9,63.5,60.4,57.6,55.1,52.7,50.5,48.3,46.2,44.1,42.1,40.1,38.2,36.4,34.6,33,31.4,29.9,28.6,27.5,26.5,
Nauru,,,,,,,,,,,,,,,,,,,,,,,,,,86.2,82,78.1,74.3,70.8,67.4,64.1,60.9,57.8,54.9,52.2,49.7,47.4,45.2,43.2,41.3,39.6,38.1,36.6,35.3,34.1,32.9,31.5,30,28.4,26.6,24.8,22.9,21.1,19.3,17.6,16.1,14.7,13.4,12.2,11.1,10.2,9.5,8.9,
New Zealand,27.8,26.8,25.8,24.8,23.9,23.1,22.5,22,21.6,21.2,20.8,20.3,19.8,19.4,18.8,18.3,17.7,17.1,16.6,16.1,15.6,15.2,14.8,14.5,14.1,13.8,13.4,12.9,12.4,11.8,11.2,10.6,10,9.5,9.1,8.7,8.4,8.1,7.8,7.6,7.4,7.2,7,6.9,6.7,6.6,6.5,6.5,6.4,6.3,6.2,6.1,6,5.9,5.7,5.6,5.5,5.3,5.2,5.1,5,4.9,4.8,4.7,
OECD members,,,,,,,,,,,,,,,,,,,,,,,,,,,,,,,21.91388802,20.97919106,20.06190709,19.27088114,18.44160801,17.61614815,16.71244338,15.90108536,15.14391182,14.42525334,13.6109058,13.02146896,12.45210442,11.88890528,11.40884331,10.96696888,10.48188189,10.02998518,9.648080912,9.354938122,8.978257908,8.727350957,8.450125817,8.232175231,7.995216313,7.770528641,7.536938927,7.354122653,7.204327773,7.076101572,6.947675754,6.793159935,6.700166668,6.898262158,
Oman,375.2,357.7,342,326.6,312.1,297.9,284.4,270.6,257.3,244.1,230.9,217.9,205.3,193,181,169.1,157.1,145.3,133.6,122.3,111.3,100.9,91,81.8,73.4,65.8,59,53,47.8,43.2,39.1,35.4,32,29,26.4,24.1,22.2,20.4,18.9,17.6,16.4,15.4,14.5,13.8,13.2,12.8,12.4,12.2,12,11.9,11.7,11.6,11.5,11.3,11.2,11.2,11.1,11,10.9,10.8,10.7,10.6,10.5,10.4,
Other small states,,,,,,,,,,,,,,,,,,,,,,,,,,,,,,,84.49485317,83.75560722,81.59111022,80.4870363,80.16682023,81.02113911,79.77857927,79.07238223,79.96671579,82.00643579,64.90518715,64.41305498,63.1882342,61.84303688,59.98944052,58.09616866,54.66996576,52.08478129,50.05917124,47.74144329,44.90669874,41.87407489,40.07365403,39.02703595,38.04003151,36.64582508,35.1508403,34.36129184,33.20019704,32.71161301,31.82945015,30.80665245,30.31318558,29.53283219,
Pakistan,250.1,241.2,232.9,225.2,218.1,211.8,206.3,201.5,197.4,193.6,190.2,187,183.9,181.1,178.4,175.9,173.5,171.3,169.1,167,164.9,162.7,160.5,158.1,155.6,153,150.4,147.7,145.1,142.4,139.8,137.1,134.2,131.1,128,124.7,121.2,117.8,114.5,111.2,108.1,105.3,102.8,100.5,98.5,96.5,94.7,92.9,91,89.1,87.1,84.9,82.7,80.4,78,75.6,73.3,71,68.8,66.7,64.6,62.5,60.5,58.5,
Panama,93.1,90.4,87.8,85.2,82.8,80.5,78.3,76.2,73.8,71,67.8,64.3,60.7,57.2,54.1,51.5,49.3,47.6,46.1,44.7,43.4,41.9,40.5,39,37.5,36.1,34.7,33.5,32.4,31.4,30.5,29.7,29.1,28.7,28.3,28,27.7,27.3,26.8,26.3,25.6,24.9,24.1,23.3,22.5,21.7,21,20.3,19.7,19.1,18.6,18.1,17.7,17.5,17.3,17.2,17,16.8,16.5,15.9,15.2,14.5,13.9,13.3,
Peru,228.5,222.4,215.9,209,201.6,194.4,187.4,181.1,175.3,170.1,197,160.7,156,151.3,146.6,142.2,138.2,134.9,132,129.3,126.6,123.6,120,115.8,110.8,105.3,99.7,94.3,89.2,84.6,80.4,76.3,72,67.5,62.9,58.2,53.6,49.2,45.1,41.3,37.9,34.9,32.4,30.1,28.2,26.5,25,23.7,22.5,21.4,20.4,19.6,18.9,18.4,17.9,17.6,17.3,17.1,16.9,16.8,16.6,16.4,16.1,15.8,
Philippines,101,98,95.4,93.3,91.3,89.5,87.8,86.2,84.8,83.7,82.8,82.1,81.8,81.7,81.7,81.7,81.5,81.1,80.6,79.9,79,78,76.9,75.6,74,72.1,69.6,66.6,63.2,59.6,56,52.7,49.8,47.3,45.1,43.1,41.4,40,38.8,37.8,36.9,36.1,35.2,34.4,33.6,32.8,32.1,31.4,30.7,30.1,29.6,29.1,28.7,28.3,28,27.8,27.8,27.8,27.9,28,27.9,27.7,27.3,26.9,
Palau,,,,,,95.8,92.7,89.7,86.5,83.4,80,76.2,72.4,68.5,64.6,60.6,57,53.7,50.9,48.4,46.3,44.4,42.7,41.3,40.1,39,38.1,37.3,36.6,36,35.3,34.7,34,33.2,32.3,31.4,30.4,29.4,28.4,27.4,26.5,25.5,24.6,23.8,22.9,22.1,21.4,20.7,20.2,19.8,19.7,19.7,19.9,20.3,20.8,21.4,22.1,22.8,23.2,23.4,23.3,23,22.7,22.3,
Papua New Guinea,198.3,192.1,186.2,180.3,174.4,168.7,163,157.6,152.3,147.1,142.2,137.4,132.9,128.5,124.3,120.5,116.8,113.4,110.2,107.2,104.4,101.8,99.4,97.1,95,93,91.2,89.6,87.8,86.3,84.7,83.1,81.7,80.3,78.9,77.7,76.4,75.2,74.1,73,71.9,70.8,69.6,68.4,67.1,65.8,64.4,63.1,61.6,60.2,58.8,57.3,55.9,54.4,53,51.7,50.2,48.7,47.2,45.9,44.5,43.1,41.7,40.3,
Poland,65.1,60.2,56,52.3,48.9,45.7,42.9,40.6,38.9,37.5,35.9,34.2,32.4,30.6,29,27.9,27,26.2,25.4,24.7,24,23.3,22.6,21.9,21.1,20.3,19.6,18.9,18.4,17.9,17.4,16.9,16.5,16,15.3,14.3,13.2,12,10.9,10,9.3,8.8,8.4,8.1,7.8,7.6,7.3,7,6.7,6.3,6,5.7,5.4,5.2,5,4.9,4.8,4.6,4.5,4.4,4.4,4.4,4.4,4.4,
Pre-demographic dividend,,,,,,,,,,,,,,,,,,,,,,,,,,,,,,,185.5945794,188.0308161,186.1811638,179.5559639,175.4925103,173.4042545,170.3518468,166.7524396,164.9076251,157.7380948,152.6348278,147.3431942,141.7950378,136.1503442,131.1622959,125.927089,120.3062005,115.7256641,111.3878154,109.530849,104.3351763,104.3146718,98.08210908,94.7106966,93.67299227,91.44479752,89.31457854,87.66852563,83.23914879,81.13357362,77.99001397,76.08836712,76.0259889,71.17570867,
Puerto Rico (US),,,,,,,,,,,,,,,,,,,,,,,,,,,,,,,,,,,,,,,,,,,,,,,,,,,,,,,,,,,,,,,,,
"Korea, Dem. People's Rep.",115.8,111.6,107.6,103.6,99.2,94.6,89.6,84.5,79.4,74.5,69.9,65.8,62,58.6,55.6,52.8,50.3,48,45.9,44,42.2,40.5,39.1,38,37.1,36.8,36.8,37.8,38.3,39.5,40.7,41.8,42.5,42.7,42.5,107.7,106.2,104.6,103.2,101.7,100.2,99,97.8,34.5,33.8,33.3,32.8,32.4,31,30,28.7,27.2,25.7,24.1,22.6,21.4,20.6,19.1,18.4,17.7,17.4,17.4,17.7,18,
Portugal,114.1,109.9,104.4,97.6,91,85.3,80.9,77.6,75.1,72.2,68.1,63,57.8,52.7,47.9,43.5,39.4,35.7,32.4,29.7,27.5,25.8,24.3,22.9,21.6,20.4,19.3,18.2,17,15.9,14.7,13.6,12.5,11.4,10.5,9.8,9.2,8.6,8.2,7.7,7.2,6.6,6.1,5.5,5,4.7,4.4,4.2,4,3.9,3.8,3.7,3.7,3.6,3.6,3.6,3.6,3.6,3.5,3.5,3.4,3.3,3.2,3.2,
Paraguay,81.8,81.1,80.6,80.2,79.9,79.6,79.4,79.1,78.8,78.4,77.9,77.3,76.6,75.7,74.6,73.4,72.1,70.6,69.1,67.4,65.5,63.5,61.4,59.2,57.1,55,53,51,49.2,47.3,45.5,43.8,42.3,40.8,39.5,38.3,37.2,36.2,35.3,34.5,33.6,32.9,32.2,31.4,30.7,29.9,29.1,28.3,27.5,26.7,25.9,25.1,24.4,23.7,23,22.2,21.5,20.8,20.1,19.4,18.8,18.2,17.6,17,
West Bank and Gaza,,,,,,,,,,,,,,,,108,101.6,95.5,89.8,84.5,79.5,74.8,70.4,66.3,62.5,58.9,55.6,52.5,49.7,47.2,44.9,42.8,40.9,39.2,37.7,36.2,34.9,33.6,32.4,31.3,30.3,29.4,28.5,27.7,26.8,26,25.2,24.3,23.5,22.8,22,21.2,20.4,19.7,22,18.3,17.6,16.9,16.3,15.7,15.2,14.7,14.2,26.3,
Pacific island small states,,,,,,,,,,,,,,,,,,,,,,,,,,,,,,,36.3783792,35.23559194,34.1281557,33.13435736,32.23208165,31.43948266,30.71986217,30.13635742,29.55546202,29.02082354,28.56980275,28.10488326,27.9812164,27.46795019,27.35636761,27.22741137,27.13794051,26.96585078,26.60613938,26.73488133,25.70176499,25.22656108,24.69490199,24.30526772,23.98958049,23.85427195,23.85452712,23.97924827,24.10681331,24.46983724,24.26733147,24.15299128,23.8956099,23.50167988,
Post-demographic dividend,,,,,,,,,,,,,,,,,,,,,,,,,,,,,,,10.81319567,10.42499562,10.19921557,9.711155666,9.125973957,8.762290698,8.380290824,8.028399838,7.761508245,7.519201091,7.273987433,7.070955148,6.904422514,6.7551078,6.621466937,6.468668458,6.33313467,6.161543228,6.020823193,5.890858063,5.680557589,5.57376584,5.411717217,5.309218757,5.210459259,5.151064804,5.061139742,4.974359584,4.906196639,4.881770435,4.849789098,4.828223076,4.84399746,4.833965596,
French Polynesia,,,,,,,,,,,,,,,,,,,,,,,,,,,,,,,,,,,,,,,,,,,,,,,,,,,,,,,,,,,,,,,,,
Qatar,,,,,,,,,,70.7,66,61.6,57.7,54,50.6,47.5,44.8,42.4,40.2,38.1,36.2,34.5,32.9,31.3,29.8,28.2,26.8,25.2,23.7,22.3,20.8,19.4,18.2,17.1,16.1,15.3,14.6,14,13.4,12.9,12.5,12,11.6,11.2,10.8,10.4,10.1,9.8,9.6,9.3,9.1,8.9,8.7,8.4,8.2,7.9,7.5,7.2,6.9,6.7,6.4,6.3,6.1,6,
Romania,88.2,79.8,69.8,60.3,54.5,54.4,58.3,62.7,64.4,62.3,56.9,50.6,46.4,44.9,44.3,42.7,40.5,38.6,37.6,36.8,35.7,34.4,32.8,31.4,30.8,31.6,33.3,34.5,34.3,33.1,31.4,29.7,28.4,27.9,27.6,27.3,26.8,25.8,24.4,22.9,21.6,20.6,20.1,19.9,19.4,18.2,16.6,15.1,14,13.1,12.4,11.8,11.2,10.5,9.9,9.2,8.5,7.9,7.3,6.8,6.6,6.5,6.6,6.6,
Russian Federation,45.5,42.6,39.9,37.6,35.5,33.8,32.3,31.1,30.2,29.4,28.8,28.4,28.1,27.8,27.7,27.6,27.6,27.6,27.6,27.5,27.3,27,26.6,26.2,25.6,25,24.2,23.4,22.6,22,21.7,21.6,21.7,21.9,22,22,21.7,21.3,20.8,20.2,19.4,18.4,17.3,16.1,15,13.9,12.9,12,11.3,10.7,10.4,10.2,9.9,9.5,8.9,8.2,7.5,6.9,6.3,5.8,5.4,5.1,4.7,4.5,
Rwanda,224.2,218.8,215.1,212.7,211.3,211,211.9,214.1,216.9,219.8,222.6,225.8,229.5,234.1,240.2,246.4,250.7,251.1,245.7,234,218.2,201.3,186.1,174,165.9,160.7,156.3,151.7,148.3,147.8,151.4,160.3,175.3,193.1,389,218.2,221.9,221.9,214.9,201.9,184.9,166.8,149.4,133.3,118.1,104.9,93.7,84.5,76.2,69.2,63.3,58.1,54.5,51.7,49.6,47.8,46.3,45.2,44.3,43.4,42.5,41.6,40.8,40,
South Asia,,,,,,,,,,,,,,,,,,,,,,,,,,,,,,,130.5,126.6,122.9,119.4,115.8,112.2,108.5,104.7,101,97.2,93.4,89.7,86.2,83,79.9,76.7,73.8,70.9,68.1,65.4,62.6,59.9,57.1,54.5,52,49.5,47.1,44.9,42.8,40.9,39.2,37.6,36.1,34.8,
Saudi Arabia,,,,,,,,,,,,,159.6,149.3,139.8,130.7,122.3,114.4,106.9,99.9,93.4,87.1,81.2,75.6,70.4,65.5,60.7,56.2,51.9,48,44.4,41.1,38.1,35.4,32.9,30.6,28.6,26.7,25,23.5,22.1,20.8,19.6,18.5,17.5,16.5,15.6,14.7,13.8,13,12.2,11.5,10.8,10.2,9.6,9,8.5,8,7.6,7.2,6.9,6.6,6.4,6.2,
Sudan,177.8,175,172.4,169.8,167.4,165.2,163.3,161.6,160.2,159,158,157,156.1,155.2,154.2,153.1,152,150.9,149.7,148.6,147.5,146.4,145.4,182.2,180.2,178.3,140.1,138.3,136.2,134.1,131.8,129.5,127.1,124.6,122,119.3,116.4,113.4,110.2,106.9,103.4,99.9,96.5,93.1,102.6,100.1,84,81.3,78.8,76.4,74.2,72.2,70.2,68.3,66.4,64.5,62.6,60.7,58.9,57.1,55.3,53.6,51.8,50.1,
Senegal,293.4,293.7,294.5,295.6,296.5,297,296.7,295.7,293.9,291.6,288.2,283.6,277.6,270.4,262.2,252.7,242.1,231.1,220.8,211.6,203.7,197.2,191.4,185.4,178.7,171.1,162.6,154.2,146.8,141.2,137.4,135.5,135,135.5,136.5,137.6,138.4,138.5,137.3,134.3,129.3,122.1,113.5,104.5,95.9,88,81.1,75.2,70.3,66.3,63,60.1,57.7,55.7,53.9,52.4,51.1,49.7,48.2,46.5,44.6,42.5,40.4,38.5,
Singapore,47.6,43.7,40.5,38.1,36.4,35,33.4,31.8,30.1,28.6,27.1,25.6,23.9,21.8,19.5,17.5,16.2,15.4,15.1,14.9,14.6,14,13.2,12.3,11.6,10.9,10.3,9.7,9.1,8.4,7.7,7,6.3,5.8,5.4,5.1,4.8,4.6,4.4,4.1,3.8,3.6,3.4,3.2,3.1,3,2.9,2.9,2.8,2.8,2.8,2.8,2.8,2.8,2.7,2.7,2.7,2.6,2.5,2.4,2.3,2.2,2.2,2.1,
Solomon Islands,167,160.1,153.5,146.7,140,133.4,126.7,119.9,113,106.1,99.4,92.9,86.9,81.2,76,79,66.8,62.9,59.5,56.4,53.8,51.4,49.3,47.4,45.8,44.2,42.8,41.6,40.4,39.3,38.2,37.2,36.2,35.2,34.3,33.5,32.7,32.1,31.6,31.1,30.7,30.3,29.9,29.7,29.4,29.1,28.8,28.5,28.1,27.6,27.2,26.7,26.2,25.8,25.3,24.9,24.5,24.1,23.6,23,22.4,21.8,21.2,20.6,
Sierra Leone,390.9,385.2,379.5,373.9,368.1,362.2,356.3,350.4,344.6,339.2,333.8,328.5,323.4,318.5,313.7,309.1,304.6,300.3,296.3,292.3,288.6,284.8,281.3,278,274.8,271.8,269,266.4,263.7,261.5,259.3,257.1,254.8,252.5,249.7,246.5,242.8,238.6,233.9,229,223.7,218.2,212.6,206.7,200.6,194.3,187.7,180.6,173.3,166,158.7,151.7,145,138.8,136.8,137.6,122.7,117.9,113.4,109.1,105.1,101.4,97.7,94.3,
El Salvador,184.5,180.6,176.9,173.2,169.7,166.3,162.8,159.6,156.3,153,149.8,146.4,142.8,139.1,135.1,130.7,126.1,121.1,116,110.8,125.3,100,94.6,89.4,84.2,79.3,74.7,70.4,66.5,62.8,59.4,56.1,53,50,47.1,44.2,41.5,38.9,36.5,34.3,32.3,30.4,28.6,27,25.5,24,22.7,21.5,20.4,19.4,18.4,17.5,16.7,15.9,15.2,14.5,13.9,13.3,12.7,12.2,11.7,11.2,10.8,10.4,
San Marino,,,,,,,,,,,,,,,,,,,,,,,,,,19.9,18.2,16.6,15.2,13.9,12.7,11.6,10.6,9.7,8.9,8.1,7.5,6.9,6.3,5.8,5.4,5,4.6,4.2,3.9,3.7,3.4,3.2,3,2.8,2.7,2.5,2.4,2.3,2.1,2,1.9,1.8,1.7,1.7,1.6,1.5,1.5,1.4,
"Somalia, Fed. Rep.",,,,,,,,,,,,,,,,,,,,,,,201.2,198.1,194.9,192.5,190.2,188.2,186,183.3,180,442.9,456,172.6,172.3,172.3,172.3,172.3,172.3,172.3,172.3,172.3,172.3,172.3,172.3,172.3,171.5,169.7,166.1,161.8,185.9,358.5,184.1,142.6,137.8,133.6,129.6,155.4,136,118.1,114.4,110.9,142.9,104,
Serbia,,,,,,,,,,,,,,,,,,,,,,,,,40.7,39.3,37.8,35.9,33.6,31,28.5,26.1,24.3,22.9,21.4,19.5,17.4,15.6,14.2,13.2,12.6,12,11.4,10.5,9.7,9,8.5,8.2,7.9,7.8,7.6,7.3,7.1,6.8,6.6,6.3,6.1,5.9,5.8,5.7,5.5,5.4,5.3,5.2,
Sub-Saharan Africa (excluding high income),,,,,,,,,,,,,,,,,,,,,,,,,,,,,,,176.447891,179.5311539,178.9546473,173.6009067,173.7186068,169.2885432,166.9975716,164.1889093,162.7926378,156.0030283,151.3356056,146.2328655,140.6521456,135.257735,130.4496152,125.260979,119.7468174,115.0043424,110.3413893,108.4096141,103.1561308,102.9988127,96.79601198,93.46128506,92.42426417,90.21031659,88.07321497,86.43634115,82.07310458,80.03458653,76.97285674,75.12906187,75.11305594,70.40392029,
South Sudan,354.9,352.3,349.4,345.8,342.7,339.9,336.2,332.6,329.3,326.1,322.5,319.1,316.1,312.8,309.3,305.8,301.9,298.5,295.4,291.7,288.7,284.9,281.6,277.9,274.7,271.1,267.3,359.8,767.4,307.1,302.8,297.2,337.7,331.1,230.1,269.7,261.3,252.4,425.6,191.7,182.7,173.8,165.1,156.5,148.4,140.8,133.5,127,120.6,114.7,109.4,104.5,100.9,99.2,182.3,236.6,263.9,278.2,132.4,98.7,98.7,98.7,98.7,98.7,
Sub-Saharan Africa,,,,,,,,,,,,,,,,,,,,,,,,,,,,,,,179.4,182.3,180.9,175.2,174.7,170.1,167,163.8,162.2,155.1,150.2,145,139.3,133.9,128.9,123.6,118.1,113.3,108.7,106.9,101.3,101.2,94.8,91.6,90.3,88.1,85.9,84.2,79.8,77.7,74.7,72.7,72.8,68.1,
Small states,,,,,,,,,,,,,,,,,,,,,,,,,,,,,,,66.87801754,66.17760176,64.57986978,63.26623395,62.68249089,62.61379747,61.54881785,60.76718837,61.11804808,62.21775385,51.07875011,50.58168962,49.8700492,48.95451382,47.73117446,46.39123629,44.11199022,42.37533514,40.98921648,39.47629686,37.45290806,35.36625219,34.03111507,33.16252415,32.36103039,31.3616045,30.36156201,29.78699056,28.99545796,28.80478203,28.02410195,27.31025616,26.81975307,26.14485462,
Sao Tome and Principe,,,,,,95.6,92.9,90.4,88.5,87.1,86.4,86.3,86.7,87.3,87.9,88.5,88.9,89.3,89.6,90.2,91,92.1,93.7,95.6,97.7,99.9,113.8,104,105.6,107,108.1,108.8,108.9,108.2,106.8,104.4,101.3,97.3,92.6,87.6,82.1,76.6,71,65.7,60.5,55.6,51.1,46.8,43,39.5,36.3,33.3,30.4,27.7,25.4,23.1,21.1,19.5,18.1,17,16,15.3,14.6,13.9,
Suriname,,,,,,,,,,,,,,,,,,,,,,,,56.7,54.9,53.1,51.3,49.7,48.1,46.5,44.9,43.4,41.9,40.3,38.8,37.4,36,34.7,33.4,32.2,31.1,30,29,28.1,27.2,26.4,25.7,25,24.4,23.8,23.2,22.6,22.1,21.6,21.1,20.5,20,19.5,19,18.4,17.8,17.3,16.8,16.2,
Slovak Republic,36.7,34.7,33.2,32.1,31.4,30.8,30.5,30.2,30,29.7,29.5,29.2,28.9,28.4,27.8,27.2,26.4,25.5,24.6,23.6,22.7,21.7,20.8,19.9,19.1,18.2,17.3,16.5,15.9,15.3,14.7,14.2,13.7,13.1,12.5,12,11.4,10.9,10.5,10,9.6,9.3,9.1,8.8,8.6,8.3,8,7.7,7.4,7.1,6.9,6.7,6.6,6.4,6.3,6.2,6.1,6,6,5.9,5.9,6,6,6.1,
Slovenia,,,,,,,,,,,,,,,,,,,,,,17.8,16.9,16.1,15.3,14.4,13.6,12.7,11.9,11.1,10.4,9.7,9,8.4,7.9,7.3,6.9,6.5,6.1,5.8,5.4,5.2,4.9,4.7,4.4,4.2,4,3.8,3.6,3.4,3.2,3.1,2.9,2.8,2.7,2.6,2.6,2.5,2.4,2.4,2.4,2.3,2.3,2.2,
Sweden,19.6,19.2,18.6,17.9,17.1,16.3,15.6,14.9,14.4,13.9,13.4,12.9,12.3,11.6,10.9,10.3,9.8,9.4,9,8.7,8.4,8.2,8,7.8,7.7,7.6,7.5,7.4,7.3,7.2,7,6.6,6.2,5.7,5.2,4.8,4.6,4.4,4.2,4.1,4.1,4,4,3.9,3.7,3.6,3.5,3.3,3.2,3.1,3.1,3,3,2.9,2.9,2.9,2.8,2.8,2.7,2.6,2.6,2.5,2.5,2.5,
Eswatini,207.4,203.5,199.7,195.7,191.8,187.5,183.3,178.9,174.3,169.8,165,159.8,154.4,149,143.2,137.3,131.5,125.8,120.2,114.8,109.4,104.1,98.9,104.3,88.5,83.7,79.3,75.4,72,69.3,67.5,67.2,68.5,71.7,76.2,81.2,87.1,93,98.7,104.1,109.1,112.6,114.3,115.7,116.2,115.5,105.3,100,98.2,92.5,81.8,68.1,63.8,61.6,61.7,58.6,55.3,54.3,51,51.6,49.8,47.6,46.2,45,
Sint Maarten (Dutch part),,,,,,,,,,,,,,,,,,,,,,,,,,,,,,,,,,,,,,,,,,,,,,,,,,,,,,,,,,,,,,,,,
Seychelles,104.6,103.2,101.7,100,98,95.5,92.6,89.2,85.2,80.7,75.8,70.9,65.9,60.9,55.9,50.9,46,41.4,37.2,33.4,30.1,27.4,25.1,23.2,21.6,20.4,19.3,18.4,17.6,16.9,16.3,15.8,15.3,14.9,14.6,14.3,14.1,14,13.9,13.8,13.8,13.7,13.7,13.7,13.8,13.8,13.8,13.9,13.9,14,14.1,14.2,14.3,14.4,14.5,14.5,14.6,14.7,14.8,14.8,14.8,14.7,14.5,14.3,
Syrian Arab Republic,168.9,160.7,153.3,146.6,140.5,134.5,128.6,122.6,116.5,110.5,104.6,99.1,94,89.2,84.7,80.3,76.1,71.9,67.9,64,60.3,63.3,70.6,51,48.4,46,43.9,41.9,40.2,38.5,37,35.5,34,32.4,30.9,29.4,28,26.6,25.3,24.2,23.2,22.3,21.5,20.9,20.3,19.8,19.5,19.2,19,19,19,21.7,33.9,36.5,35.3,37,32.2,33,32.6,25,22.4,21,21.1,20.6,
Turks and Caicos Islands,138.1,129,120.3,112.4,104.9,97.9,91.4,85.2,79.7,74.5,69.6,65,60.7,56.7,53,49.5,46.2,43.2,40.5,37.9,35.4,33.1,31,29,27.2,25.5,23.9,22.5,21.1,19.8,18.6,17.5,16.5,15.5,14.6,13.8,13.1,12.4,11.8,11.2,10.7,10.2,9.7,9.3,9,8.7,8.4,8.1,7.9,7.7,7.5,7.4,7.2,7.1,6.9,6.8,6.7,6.6,6.4,6.3,6.1,6,5.8,5.6,
Chad,267.2,266.2,265.2,263.9,262.6,261.4,260,258.6,257.1,255.6,254.3,252.8,251.5,249.8,248.4,246.9,245.5,243.9,242.2,240.5,238.4,236.4,234,231.6,228.9,226.1,223.3,220.4,217.5,214.5,211.6,208.8,206,203.3,200.7,198.1,195.5,192.8,189.9,186.8,183.6,180.2,176.8,173.4,170,166.5,162.9,159.2,155.4,151.5,147.7,143.9,140.1,136.5,133,129.3,125.7,122,118.3,114.6,111,107.6,104.3,101.1,
East Asia & Pacific (IDA & IBRD countries),,,,,,,,,,,,,,,,,,,,,,,,,,,,,,,59.34529354,58.7912728,57.39344794,55.69174119,53.92926061,51.99060798,50.06251735,48.05644183,45.99833046,43.84840919,41.34970092,39.27317203,36.95020881,34.69656593,33.47308243,30.44339565,28.57159408,26.9039422,26.31574782,23.88792111,22.68951308,21.56603353,20.19246246,19.35842976,18.27200542,17.72258754,16.72031905,15.9476192,15.97709817,15.51496364,15.79461336,15.68978858,15.57306967,15.27448851,
Europe & Central Asia (IDA & IBRD countries),,,,,,,,,,,,,,,,,,,,,,,,,,,,,,,44.64151257,44.43671259,44.78806922,44.8459148,43.5701397,42.76571203,40.99716115,39.53890204,37.59774804,35.67735641,33.3708133,31.28065304,29.19517143,27.17233342,25.62145157,24.0025432,22.41832785,20.83069949,19.39227299,18.13117339,17.13887316,16.29956711,15.39901212,14.71250653,13.94791889,13.25305295,12.56290904,12.11036896,11.75907897,11.4766645,11.16633759,10.91761374,10.71976474,11.12440239,
Togo,260.3,257.8,255.2,252.3,249.1,245.7,241.9,238,233.9,229.6,225.2,220.5,215.9,211.1,206.5,201.8,197,192.3,187.7,183.2,178.8,174.7,170.6,166.8,163.2,159.8,156.7,154,151.5,149.3,147.2,145.2,143.3,141.1,138.8,136.2,133.2,130.1,126.7,123.2,119.6,116,112.5,109.1,105.9,102.7,99.7,96.9,94.1,91.4,88.7,85.9,83.3,80.7,78.1,75.6,73.2,70.9,68.6,66.3,64.3,62.2,60.2,58.3,
Thailand,146.6,141.7,136.9,132.2,127.5,122.9,118.4,113.8,109,104.3,99.5,94.7,90.1,85.6,81.4,77.3,73.5,70,66.7,63.6,60.7,57.9,55.3,52.8,50.3,48,45.7,43.4,41.2,39.1,36.9,34.9,33,31.2,29.6,28.1,26.7,25.3,24.1,22.9,21.8,20.8,19.8,18.9,18.1,17.3,16.6,15.9,15.3,14.7,14.2,13.7,13.2,12.7,12.3,11.9,11.5,11.1,10.8,10.4,10.1,9.8,9.5,9.2,
Tajikistan,,,,,,,,,,,,,155,149.6,144.1,139.5,135.4,132.1,129.7,128.2,127.2,126.3,125,122.9,119.8,115.5,110.5,105.4,101.2,98.8,99.2,102.2,105.9,108.7,109.5,107.9,104,98.6,92.6,86.2,79.7,73.4,67.5,61.8,56.7,52.2,48.2,44.7,41.7,39.2,37,35.2,33.6,32.3,31.2,30.2,29.4,28.8,28.3,28.1,28,27.9,27.7,27.3,
Turkmenistan,,,,,,,,,,,,,,,,,,132.4,127.8,123,118.5,114,109.2,104.5,99.8,95.1,90.8,87,83.6,80.9,79.1,78.3,78.3,78.7,79.2,79.4,79,77.9,75.9,73.1,69.7,66.1,62.4,58.8,55.6,52.5,49.9,47.7,46,44.5,43.6,42.9,42.5,42.5,42.5,42.9,43.3,43.7,43.6,43.3,42.6,41.8,41,40,
Latin America & the Caribbean (IDA & IBRD countries),,,,,,,,,,,,,,,,,,,,,,,,,,,,,,,55.46286196,53.0166689,50.55857215,48.11327421,45.71252644,43.39523377,41.16848475,39.02046359,37.53982947,35.06191821,33.31281854,31.59540812,30.06726649,28.65821229,27.36091615,26.11933451,25.05036302,24.01931398,23.10204198,22.29126749,22.9895774,20.82112762,20.16744238,19.56093204,19.04125389,18.61385583,18.81408662,18.07391055,17.64454676,17.2717656,16.99265464,16.60319005,16.27896805,15.94455208,
Timor-Leste,,,,,,,,,,,,,,,,,,,,,,,,,,270.6,262.8,243.7,240.9,229.6,225.4,221.6,210.5,199.9,192.2,193.4,185.2,177.4,180.2,193.8,110.5,105.5,100.7,96.1,91.7,87.5,83.6,80.1,76.8,73.8,71.1,68.6,66.3,64.2,62.3,60.6,59.1,57.8,56.6,55.5,54.2,52.8,51.4,50,
"Middle East, North Africa, Afghanistan & Pakistan (IDA & IBRD)",,,,,,,,,,,,,,,,,,,,,,,,,,,,,,,102.2439702,99.16714909,96.49865728,94.74544679,93.15945138,91.18724876,88.8983952,86.39197015,83.72617306,81.19966854,78.55761534,75.71833679,73.2002144,70.94587807,68.47127224,66.16630648,64.22003104,62.22862568,60.34784115,58.67815314,56.89434175,55.08661686,53.55685554,51.76348512,49.90433737,48.45044453,46.93346615,45.73818984,45.03477203,43.98937245,42.67531755,41.6026526,40.38081289,39.22998421,
Tonga,,,,78.3,73.5,68.9,64.5,60.3,56.3,52.5,49.1,46.1,43.5,41.1,39,37.1,35.3,33.7,32.2,30.9,29.7,28.7,27.8,27,26.3,25.7,25.1,24.4,23.7,22.9,22.1,21.4,20.6,20,19.4,18.9,18.5,18.1,17.8,17.4,17,16.5,16.1,15.6,15.2,14.8,14.4,14.1,13.7,13.4,13.1,12.9,12.6,12.4,12.2,11.9,11.7,11.5,11.2,11,10.8,10.5,10.2,9.9,
South Asia (IDA & IBRD),,,,,,,,,,,,,,,,,,,,,,,,,,,,,,,128.027814,124.0405593,120.2393822,116.4371414,112.7584731,109.1010996,105.3087359,101.5151899,97.64250381,93.74482516,89.8081502,86.00732716,82.35921626,78.86375275,75.59265336,72.11690066,68.8329706,65.68383809,62.52676819,59.59715318,56.45360416,53.42185766,50.56382847,47.7864197,45.08853089,42.53176699,40.14401057,37.84243114,35.67706869,33.69010856,31.92625113,30.31518899,28.99355398,27.78173474,
Sub-Saharan Africa (IDA & IBRD countries),,,,,,,,,,,,,,,,,,,,,,,,,,,,,,,179.0727203,181.3338689,180.2817306,174.8782308,174.2900925,169.6199886,166.8567961,163.6323397,161.7042222,154.9858639,150.1524824,144.927681,139.2679307,133.7960509,128.8333766,123.5543132,118.0293305,113.2373833,108.5719542,106.4184469,101.2767582,100.7772876,94.83160646,91.4890317,90.22732111,87.88425467,85.60893908,83.83239587,79.59647784,77.48280206,74.49407031,72.64043431,72.45390407,68.05222789,
Trinidad and Tobago,67.4,65.3,63.3,61.4,59.6,58,56.6,55.3,54,52.8,51.7,50.6,49.5,48.4,47.2,46,44.8,43.7,42.5,41.4,40.3,39.2,38.3,37.3,36.4,35.6,34.9,34.2,33.6,33,32.5,32.1,31.6,31.3,30.9,30.6,30.2,29.9,29.6,29.2,28.8,28.4,28.1,27.6,27.2,26.8,26.4,25.9,25.5,25.1,24.7,24.3,23.8,23.5,23,22.6,22.2,21.8,21.4,21,20.6,20.1,19.6,19.1,
Tunisia,,,272.4,259.9,247.8,235.9,224.4,212.9,201.7,191,180.5,170.6,161.2,152,142.9,133.9,125.1,116.7,108.8,101.6,95.2,89.4,84.2,79.4,74.8,70.8,66.9,63.5,60.3,57.6,55,52.4,50,47.4,44.8,42,39.2,36.5,33.8,31.4,29.2,27.2,25.5,24,22.7,21.6,20.7,20,19.4,19,18.7,18.5,18.4,18.3,18.3,18.2,18.1,17.9,17.5,16.9,16,15,13.9,12.9,
Turkiye,258,249.9,241.4,233,224.9,217.3,210.1,203.5,197.3,191.5,185.8,180.3,174.7,169,163.2,157.3,151.3,145.2,139.2,133.2,127.2,121.1,115.1,109.1,103.4,97.9,92.7,87.7,82.9,78.3,73.8,69.5,65.2,61.1,57.3,53.5,50,46.6,43.3,40.3,37.4,34.7,32.2,29.9,27.7,25.7,23.8,22.1,20.6,19.2,17.9,16.8,15.8,14.9,14,13.3,12.6,12,11.5,11,10.5,10.1,9.6,12.8,
Tuvalu,176.6,169.7,162.5,155.6,148.8,142.1,135.5,129.1,122.9,116.9,110.9,105,99.3,93.7,88.1,83.1,78.4,74.3,70.8,67.6,64.9,62.6,60.6,59,57.6,56.6,55.9,55.3,54.7,54.2,53.7,53.1,52.4,51.5,50.5,49.4,48.1,46.7,45.2,43.9,42.6,41.6,40.7,39.8,38.9,38,36.8,35.6,34.2,32.8,31.4,30.2,29.1,28,27.1,26.1,25.2,24.3,23.5,22.7,21.9,21.2,20.5,19.9,
Tanzania,241.9,240,237.9,235.9,233.5,231,228.1,225.2,222,218.7,215.6,212.2,208.5,204.7,200.6,196.3,191.8,187.5,183.6,180.5,178.7,177.9,177.8,177.9,177.8,177,175.6,173.7,171.5,169.1,166.9,164.9,163,160.9,158.8,156.1,152.4,147.8,142.4,135.8,128.4,120.6,112.8,105.3,98.6,92.4,86.9,81.6,77,72.4,68.6,65,62.1,59.5,56.7,54.8,52.5,50.2,48,46,44.2,42.2,40.5,38.9,
Uganda,223.3,219.4,215.8,212.5,209.2,205.9,202.6,199.4,196.6,194.3,193,192.9,193.7,195.7,198.7,202.7,207.2,211.7,215.6,218,219.9,218.5,214.3,208.7,203.3,198.7,195.1,192.2,189.4,186.5,182.8,178.6,174.3,170.3,167,164.5,162.4,159.8,156.2,151.5,145.6,138.8,131.2,123.1,114.9,107,99.7,93,86.9,81.4,76.1,71,66.7,62.4,59.1,55.8,52.5,49.8,47.4,45.3,43.5,41.8,40.5,38.8,
Ukraine,,,,,,,,,,,,32.3,31.3,30.4,29.6,28.9,28.4,27.8,27.4,26.9,26.2,25.5,24.7,23.9,22.9,22.1,21.3,20.5,19.9,19.5,19.2,19.2,19.4,19.7,20,20.2,20.3,20.1,19.7,19,18.3,17.5,16.6,15.8,15.1,14.5,14,13.4,12.9,12.3,11.7,11.2,10.7,10.2,9.8,9.4,9.1,8.9,8.7,8.5,8.4,8.2,8.5,8.1,
Upper middle income,,,,,,,,,,,,,,,,,,,,,,,,,,,,,,,56.4,55,53.2,51.5,49.5,47.6,45.7,43.7,41.7,39.7,37.7,35.7,33.8,31.9,30.9,28.5,26.9,25.2,23.7,22.2,21,19.9,18.8,18,17.1,16.4,15.7,14.9,14.7,14.4,14.4,14.3,14.1,14.1,
Uruguay,63.3,62.1,60.6,59.3,58.3,57.7,57.4,57,56.4,55.3,54,53.3,53.4,53.9,54.6,54.9,54.1,51.8,48.3,44.1,39.8,36,33.1,31,29.5,28.4,27.4,26.2,25.1,24.2,23.7,23.2,22.9,22.5,21.9,21.2,20.3,19.3,18.4,17.6,17,16.6,16.2,15.8,15.2,14.4,13.5,12.7,11.9,11.3,10.8,10.4,10,9.7,9.3,8.9,8.5,8.1,7.7,7.4,7.1,7,6.8,6.7,
United States,30.1,29.5,28.9,28.3,27.7,27.1,26.4,25.7,24.9,24.1,23.2,22.4,21.5,20.6,19.7,18.8,17.9,17.1,16.3,15.6,15,14.4,13.9,13.4,13,12.7,12.4,12.1,11.9,11.6,11.2,10.9,10.5,10.1,9.8,9.5,9.2,8.9,8.7,8.6,8.4,8.3,8.2,8.1,8.1,8,7.9,7.7,7.6,7.5,7.3,7.2,7,6.9,6.8,6.8,6.7,6.6,6.5,6.5,6.5,6.5,6.5,6.5,
Uzbekistan,,,,,,,,,,,,,,,,,,,,125.2,116.8,108.8,101.6,95,89.1,84,79.6,75.9,73.1,71.3,70.4,70.1,70.1,69.9,69.5,69.1,68.3,67.2,65.7,63.8,61.5,58.8,55.7,52.5,49.2,45.7,42.4,39,35.9,32.9,30.1,27.5,25.2,23.2,21.4,19.8,18.5,17.3,16.4,15.6,15,14.4,13.8,13.3,
St. Vincent and the Grenadines,,,,,,,,,,60.3,64.2,68.2,72,75.2,77.1,77,74.5,70.3,64.9,59.1,53.4,48.2,43.4,39.1,35.4,32.2,29.6,27.5,25.9,24.7,23.8,23.1,22.6,22.4,22.3,22.3,22.3,22.4,22.5,22.5,22.5,22.5,22.4,22.5,22.5,22.6,22.6,22.5,22.3,21.9,21.4,20.6,19.8,18.8,17.9,16.9,15.9,14.9,13.9,13.1,12.3,11.7,11.1,10.6,
"Venezuela, RB",79.7,77.2,74.9,73,71.4,70,68.7,67.5,66.1,64.7,63,61.2,59.4,57.5,55.7,53.8,52,50.1,48.2,46.2,44.2,42.4,40.7,39.1,37.7,36.4,35,33.7,32.3,30.9,29.6,28.6,27.8,27.3,26.8,26.3,25.5,24.5,23.4,22.4,21.5,20.9,20.3,19.8,19.1,18.5,17.9,17.4,17.2,17.1,17.2,17.3,17.6,17.9,18.3,19.2,24.3,24.3,24.3,24.3,24.3,24.3,24.3,24.3,
British Virgin Islands,90.3,84.8,79.7,74.8,70.2,65.8,61.7,57.9,54.5,51.4,48.6,46.1,43.9,42.1,40.5,39.2,38.2,37.2,36.4,35.5,34.6,33.6,32.5,31.4,30.2,29,27.8,26.5,25.3,24.1,22.9,21.9,21,20.2,19.5,18.9,18.3,17.9,17.5,17.1,16.8,16.6,16.3,16.1,16,15.9,15.8,15.7,15.7,15.6,15.6,15.6,15.6,15.6,15.6,15.5,15.2,15,14.6,14.3,13.9,13.5,13.1,12.7,
Virgin Islands (U.S.),,,,,,,,,,,,,,,,,,,,,,,,,,,,,,,,,,,,,,,,,,,,,,,,,,,,,,,,,,,,,,,,,
Viet Nam,,,,,87.3,99.3,99.7,100.4,115.7,107.5,106.8,104.5,118.5,103.7,106.8,77.5,76,74.4,72.7,71,69.4,67.9,66.4,65,63.6,62.1,60.4,58.5,56.4,54,51.5,49,46.4,43.9,41.4,39,36.8,34.8,32.9,31.3,29.8,28.6,27.4,26.5,25.7,25,24.5,24,23.6,23.3,23.1,22.8,22.6,22.4,22.2,22,21.8,21.5,21.4,21.2,21,20.7,20.4,20,
Vanuatu,151.5,147.2,142.7,138.1,133.5,128.8,124.1,119.5,114.9,110.3,105.9,101.5,97.3,93.4,89.5,85.8,82.1,78.4,74.5,70.7,66.7,62.7,58.7,54.8,51.2,47.8,44.7,42,39.6,37.6,35.8,34.3,32.9,31.8,30.8,30,29.2,28.6,27.9,27.4,26.8,26.3,25.8,25.4,25,24.5,24,23.4,22.7,22,21.2,20.5,19.9,19.4,19,18.7,18.4,18.2,18,17.8,17.7,17.4,17.1,16.8,
World,,,,,,,,,,,,,,,,,,,,,,,,,,,,,,,93.6,93.3,92.7,90.8,89.6,87.8,86,84,82.3,79.3,76.7,74.1,71.5,68.6,66.2,63.3,60.6,58,55.8,54,51.7,50.6,47.8,46.1,44.9,43.7,42.4,41.3,40.2,39.5,38.7,38.2,38.2,36.7,
Samoa,107.4,103.2,99.3,95.6,111,89,85.7,82.3,78.9,75.3,71.9,68.5,65.2,62,59,56.2,53.4,50.7,48.2,45.9,43.8,41.9,40.1,38.5,37,35.6,34.2,33,31.8,30.8,29.8,28.9,28,27,26.1,25.2,24.4,23.5,22.7,21.9,21.2,20.6,20,19.7,19.4,19.3,19.3,19.3,19.3,25.4,19.3,19.2,19.1,18.9,18.7,18.5,18.3,18.1,17.8,20.2,17,16.6,16.2,15.7,
Kosovo,,,,,,,,,,,,,,,,,,,,,,,,,,146,136.2,127.3,118.9,111.1,103.8,97.1,90.6,84.6,78.8,73.1,67.7,62.5,57.5,52.8,48.3,44.1,40.2,36.6,33.4,30.5,27.9,25.6,23.6,21.7,20.1,18.7,17.4,16.3,15.2,14.3,13.4,12.6,11.9,11.2,10.5,10,9.5,9.1,
"Yemen, Rep.",428.8,422.1,415.3,407.8,399.7,390.3,379.9,368.1,355.8,343.1,330.2,317.8,306,294.6,283.5,271.9,259.8,247.2,234.2,221.2,208.2,195.7,183.6,172.2,162,153.3,145.9,139.5,134,129.2,125,121.4,118.3,115.5,112.9,110.6,108.1,105.3,101.8,97.7,93.2,88.4,83.6,79,74.7,70.6,66.8,63.3,60.2,57.4,54.9,53,51.4,49.5,48.4,49,47.7,46.6,47,45.9,43.2,42.4,40.8,39.3,
South Africa,,,,,,,,,,,,,,,132.3,125,117.8,111,104.7,98.8,93.5,88.4,83.9,79.8,76,72.4,68.9,65.6,62.6,60.1,58.2,57,56.6,57,58.2,59.5,61.1,62.9,65.6,68.5,71.1,74.3,76.9,79.3,81,80.3,77.5,71.9,64.2,57,50,45,42.5,41,39.6,38.2,36.8,35.8,34.9,34.5,34.1,34.1,34.4,34.7,
Zambia,205.2,201.3,197.9,194.7,192.2,190.1,188.6,187.1,185.3,182.7,179,174.2,168.7,163.4,158.8,155.4,153.6,153,153.2,153.9,154.9,155.6,156.6,158.7,161.8,165.7,169.7,173.4,176.6,178.9,180.6,181.4,181.1,179.4,176.7,173.4,170,166.6,163,158.7,152.5,143.8,133.7,123.6,113.7,104.8,97.1,91.4,86.2,80,75.7,73.1,70.4,67.2,63.8,61.5,59,56.1,55.2,54.1,52.4,49.2,46.7,44.7,
Zimbabwe,151.8,147.7,143.7,139.5,135.2,131.1,127.2,123.7,120.7,118.1,116.5,115.3,114.6,114.2,114.1,114.4,114.7,115,114.7,113.4,111,106.8,101.2,95,88.7,83.1,78.6,76.1,75.5,76.9,79.7,83.3,87.3,91.6,95.2,98.3,100.2,100.8,100.4,99.2,98.3,97.9,84.8,88.5,91.7,92.3,94,94.7,93.4,90.3,85,78.8,71.4,65.5,61.8,59.8,56.9,55,52.3,51.1,50.1,47.6,46,44.2,
